id_murid,id_tutor,topik_match,gaya_match,metode_match,time_overlap,murid_flexible,tutor_flexible,feedback_score,label
M0019,T0114,True,True,True,False,True,False,5,1
M0077,T0485,True,True,True,False,False,True,5,1
M0999,T0546,True,True,True,False,False,True,5,1
M0834,T0277,True,True,True,False,True,True,4,1
M0995,T0347,True,True,True,False,True,True,5,1
M0558,T0396,True,True,True,False,True,False,4,1
M0466,T0670,True,True,True,False,True,False,5,1
M0056,T0285,True,True,True,False,False,True,5,1
M0572,T0023,True,True,True,False,False,True,5,1
M0708,T0919,True,True,True,False,False,True,4,1
M0720,T0413,True,True,True,False,True,True,5,1
M0360,T0571,True,True,True,False,True,False,5,1
M0003,T0347,True,True,True,False,True,True,4,1
M0941,T0344,True,True,True,False,False,True,4,1
M0486,T0143,True,True,True,False,False,True,4,1
M0502,T0838,True,True,True,False,False,True,4,1
M0639,T0647,True,True,True,False,False,True,5,1
M0760,T0632,True,True,True,False,True,True,5,1
M0378,T0050,True,True,True,False,True,False,4,1
M0830,T0467,True,True,True,False,True,False,5,1
M0647,T0019,True,True,True,False,False,True,5,1
M0666,T0383,True,True,True,False,True,False,5,1
M0378,T0826,True,True,True,False,True,False,5,1
M0233,T0117,True,True,True,False,False,True,5,1
M0488,T0276,True,True,True,False,True,False,4,1
M0475,T0145,True,True,True,False,True,True,4,1
M0062,T0057,True,True,True,False,False,True,5,1
M0815,T0920,True,True,True,False,False,True,5,1
M0834,T0357,True,True,True,False,True,False,5,1
M0139,T0413,True,True,True,False,False,True,5,1
M0118,T0485,True,True,True,False,False,True,5,1
M0049,T0538,True,True,True,False,True,False,5,1
M0743,T0784,True,True,True,False,True,False,5,1
M0860,T0070,True,True,True,False,False,True,5,1
M0522,T0650,True,True,True,False,False,True,4,1
M0237,T0785,True,True,True,False,False,True,5,1
M0831,T0336,True,True,True,False,True,False,5,1
M0168,T0326,True,True,True,False,False,True,5,1
M0406,T0443,True,True,True,False,False,True,5,1
M0772,T0909,True,True,True,False,False,True,5,1
M0544,T0400,True,True,True,False,False,True,5,1
M0124,T0476,True,True,True,False,False,True,4,1
M0990,T0544,True,True,True,False,True,False,4,1
M0548,T0091,True,True,True,False,True,False,5,1
M0355,T0948,True,True,True,False,False,True,4,1
M0235,T0557,True,True,True,False,True,False,5,1
M0166,T0973,True,True,True,False,False,True,5,1
M0418,T0566,True,True,True,False,False,True,5,1
M0496,T0672,True,True,True,False,False,True,5,1
M0584,T0016,True,True,True,False,False,True,4,1
M0937,T0800,True,True,True,False,True,True,5,1
M0495,T0994,True,True,True,False,True,False,5,1
M0482,T0011,True,True,True,False,False,True,5,1
M0634,T0339,True,True,True,False,True,False,5,1
M0435,T0194,True,True,True,False,True,False,4,1
M0240,T0260,True,True,True,False,True,False,5,1
M0580,T0318,True,True,True,False,True,True,4,1
M0610,T0913,True,True,True,False,False,True,5,1
M0484,T0743,True,True,True,False,True,False,5,1
M0328,T0390,True,True,True,False,False,True,5,1
M0138,T0296,True,True,True,False,True,True,5,1
M0153,T0212,True,True,True,False,True,False,5,1
M0027,T0231,True,True,True,False,False,True,5,1
M0147,T0780,True,True,True,False,True,False,4,1
M0737,T0325,True,True,True,False,False,True,4,1
M0029,T0073,True,True,True,False,True,False,5,1
M0823,T0914,True,True,True,False,False,True,4,1
M0080,T0388,True,True,True,False,True,True,5,1
M0054,T0912,True,True,True,False,True,True,5,1
M0658,T0453,True,True,True,False,False,True,5,1
M0015,T0895,True,True,True,False,False,True,5,1
M0017,T0919,True,True,True,False,False,True,4,1
M0298,T0433,True,True,True,False,False,True,4,1
M0711,T0528,True,True,True,False,False,True,4,1
M0277,T0185,True,True,True,False,True,False,5,1
M0168,T0640,True,True,True,False,False,True,5,1
M0147,T0458,True,True,True,False,True,False,5,1
M0568,T0708,True,True,True,False,False,True,5,1
M0008,T0578,True,True,True,False,False,True,5,1
M0200,T0616,True,True,True,False,False,True,5,1
M0953,T0640,True,True,True,False,False,True,5,1
M0493,T0920,True,True,True,False,False,True,4,1
M0164,T0690,True,True,True,False,True,True,5,1
M0442,T0070,True,True,True,False,True,True,5,1
M0879,T0253,True,True,True,False,True,False,5,1
M0363,T0426,True,True,True,False,False,True,4,1
M0185,T0475,True,True,True,False,True,False,5,1
M0148,T0032,True,True,True,False,True,False,4,1
M0748,T0212,True,True,True,False,True,False,4,1
M0769,T0875,True,True,True,False,False,True,5,1
M0047,T0973,True,True,True,False,False,True,5,1
M0357,T0233,True,True,True,False,True,False,5,1
M0181,T0650,True,True,True,False,True,True,5,1
M0795,T0359,True,True,True,False,True,True,4,1
M0147,T0458,True,True,True,False,True,False,4,1
M0495,T0840,True,True,True,False,True,False,5,1
M0668,T0636,True,True,True,False,False,True,5,1
M0634,T0756,True,True,True,False,True,False,4,1
M0863,T0905,True,True,True,False,False,True,4,1
M0601,T0972,True,True,True,False,False,True,4,1
M0517,T0963,True,True,True,False,False,True,5,1
M0501,T0767,True,True,True,False,False,True,4,1
M0721,T0395,True,True,True,False,True,False,5,1
M0090,T0200,True,True,True,False,True,False,5,1
M0707,T0663,True,True,True,False,True,False,4,1
M0444,T0087,True,True,True,False,False,True,4,1
M0274,T0456,True,True,True,False,True,False,4,1
M0634,T0312,True,True,True,False,True,False,5,1
M0649,T0088,True,True,True,False,False,True,5,1
M0716,T0743,True,True,True,False,True,False,5,1
M0640,T0301,True,True,True,False,False,True,5,1
M0330,T0646,True,True,True,False,True,False,5,1
M0011,T0052,True,True,True,False,True,False,5,1
M0202,T0501,True,True,True,False,False,True,4,1
M0464,T0082,True,True,True,False,False,True,5,1
M0136,T0449,True,True,True,False,True,False,5,1
M0067,T0231,True,True,True,False,False,True,4,1
M0684,T0135,True,True,True,False,True,False,5,1
M0332,T0081,True,True,True,False,False,True,4,1
M0594,T0906,True,True,True,False,False,True,4,1
M0500,T0911,True,True,True,False,False,True,5,1
M0159,T0808,True,True,True,False,True,False,5,1
M0801,T0136,True,True,True,False,True,False,4,1
M0909,T0685,True,True,True,False,True,False,4,1
M0383,T0248,True,True,True,False,False,True,4,1
M0160,T0164,True,True,True,False,False,True,4,1
M0875,T0892,True,True,True,False,False,True,5,1
M0864,T0839,True,True,True,False,True,False,5,1
M0014,T0432,True,True,True,False,True,False,5,1
M0066,T0254,True,True,True,False,True,False,4,1
M0147,T0929,True,True,True,False,True,False,4,1
M0618,T0482,True,True,True,False,True,True,5,1
M0124,T0476,True,True,True,False,False,True,4,1
M0355,T0081,True,True,True,False,False,True,4,1
M0444,T0334,True,True,True,False,False,True,5,1
M0712,T0110,True,True,True,False,True,True,5,1
M0131,T0630,True,True,True,False,False,True,5,1
M0109,T0583,True,True,True,False,True,False,5,1
M0213,T0724,True,True,True,False,False,True,4,1
M0863,T0285,True,True,True,False,False,True,5,1
M0561,T0012,True,True,True,False,True,True,5,1
M0278,T0584,True,True,True,False,False,True,4,1
M0043,T0235,True,True,True,False,True,True,5,1
M0208,T0496,True,True,True,False,False,True,4,1
M0463,T0482,True,True,True,False,False,True,5,1
M0948,T0457,True,True,True,False,False,True,5,1
M0254,T0945,True,True,True,False,False,True,5,1
M0160,T0593,True,True,True,False,False,True,4,1
M0082,T0256,True,True,True,False,True,True,4,1
M0740,T0369,True,True,True,False,False,True,5,1
M0571,T0478,True,True,True,False,True,False,5,1
M0816,T0556,True,True,True,False,True,True,5,1
M0169,T0863,True,True,True,False,True,False,5,1
M0250,T0032,True,True,True,False,True,False,5,1
M0678,T0797,True,True,True,False,True,False,4,1
M0211,T0852,True,True,True,False,False,True,4,1
M0382,T0598,True,True,True,False,False,True,5,1
M0461,T0838,True,True,True,False,False,True,5,1
M0535,T0491,True,True,True,False,False,True,4,1
M0228,T0243,True,True,True,False,False,True,4,1
M0413,T0630,True,True,True,False,True,True,5,1
M0662,T0578,True,True,True,False,False,True,5,1
M0376,T0790,True,True,True,False,False,True,4,1
M0434,T0308,True,True,True,False,True,False,5,1
M0843,T0095,True,True,True,False,True,False,5,1
M0675,T0813,True,True,True,False,True,True,5,1
M0274,T0057,True,True,True,False,True,True,4,1
M0360,T0088,True,True,True,False,True,True,5,1
M0517,T0889,True,True,True,False,False,True,5,1
M0707,T0799,True,True,True,False,True,False,4,1
M0407,T0039,True,True,True,False,True,False,4,1
M0674,T0833,True,True,True,False,True,False,5,1
M0887,T0183,True,True,True,False,True,True,5,1
M0298,T0862,True,True,True,False,False,True,5,1
M0705,T0220,True,True,True,False,False,True,5,1
M0816,T0153,True,True,True,False,True,False,5,1
M0731,T0019,True,True,True,False,True,True,5,1
M0580,T0937,True,True,True,False,True,False,4,1
M0605,T0237,True,True,True,False,True,False,4,1
M0854,T0823,True,True,True,False,False,True,4,1
M0746,T0443,True,True,True,False,False,True,4,1
M0506,T0295,True,True,True,False,True,False,5,1
M0489,T0810,True,True,True,False,False,True,5,1
M0508,T0158,True,True,True,False,True,False,5,1
M0744,T0696,True,True,True,False,True,False,4,1
M0518,T0672,True,True,True,False,True,True,5,1
M0684,T0135,True,True,True,False,True,False,4,1
M0120,T0131,True,True,True,False,True,False,4,1
M0117,T0217,True,True,True,False,True,False,5,1
M0322,T0988,True,True,True,False,True,False,5,1
M0224,T0410,True,True,True,False,False,True,5,1
M0680,T0914,True,True,True,False,False,True,4,1
M0105,T0057,True,True,True,False,False,True,4,1
M0629,T0096,True,True,True,False,False,True,4,1
M0622,T0019,True,True,True,False,True,True,5,1
M0812,T0181,True,True,True,False,True,False,5,1
M0031,T0919,True,True,True,False,False,True,5,1
M0540,T0012,True,True,True,False,False,True,4,1
M0371,T0744,True,True,True,False,True,False,4,1
M0043,T0918,True,True,True,False,True,True,4,1
M0230,T0019,True,True,True,False,False,True,5,1
M0494,T0099,True,True,True,False,True,False,5,1
M0864,T0794,True,True,True,False,True,True,5,1
M0353,T0185,True,True,True,False,True,False,5,1
M0203,T0010,True,True,True,False,False,True,4,1
M0523,T0584,True,True,True,False,False,True,5,1
M0369,T0519,True,True,True,False,True,False,5,1
M0874,T0773,True,True,True,False,False,True,5,1
M0547,T0273,True,True,True,False,False,True,5,1
M0248,T0868,True,True,True,False,False,True,5,1
M0738,T0615,True,True,True,False,True,False,5,1
M0081,T0725,True,True,True,False,False,True,5,1
M0667,T0358,True,True,True,False,True,False,5,1
M0928,T0257,True,True,True,False,True,True,5,1
M0578,T0844,True,True,True,False,True,True,4,1
M0279,T0951,True,True,True,False,False,True,4,1
M0763,T0334,True,True,True,False,True,True,5,1
M0780,T0953,True,True,True,False,True,False,5,1
M0622,T0242,True,True,True,False,True,False,4,1
M0588,T0325,True,True,True,False,False,True,4,1
M0117,T0379,True,True,True,False,True,False,4,1
M0355,T0081,True,True,True,False,False,True,5,1
M0348,T0539,True,True,True,False,False,True,5,1
M0025,T0208,True,True,True,False,False,True,5,1
M0165,T0389,True,True,True,False,False,True,4,1
M0394,T0004,True,True,True,False,False,True,5,1
M0931,T0633,True,True,True,False,False,True,5,1
M0824,T0212,True,True,True,False,True,False,5,1
M0019,T0041,True,True,True,False,True,False,5,1
M0003,T0041,True,True,True,False,True,False,4,1
M0475,T0822,True,True,True,False,True,False,5,1
M0246,T0332,True,True,True,False,True,True,5,1
M0511,T0725,True,True,True,False,False,True,4,1
M0075,T0392,True,True,True,False,True,False,4,1
M0338,T0352,True,True,True,False,False,True,4,1
M0439,T0183,True,True,True,False,True,True,5,1
M0940,T0866,True,True,True,False,False,True,4,1
M0526,T0939,True,True,True,False,True,True,5,1
M0772,T0491,True,True,True,False,False,True,5,1
M0765,T0169,True,True,True,False,True,False,5,1
M0437,T0272,True,True,True,False,True,True,5,1
M0403,T0721,True,True,True,False,False,True,5,1
M0834,T0984,True,True,True,False,True,False,5,1
M0544,T0920,True,True,True,False,False,True,4,1
M0060,T0577,True,True,True,False,False,True,5,1
M0725,T0388,True,True,True,False,False,True,4,1
M0412,T0798,True,True,True,False,True,False,5,1
M0709,T0392,True,True,True,False,True,False,5,1
M0233,T0117,True,True,True,False,False,True,4,1
M0097,T0485,True,True,True,False,False,True,5,1
M0421,T0596,True,True,True,False,True,False,5,1
M0619,T0794,True,True,True,False,False,True,5,1
M0790,T0778,True,True,True,False,False,True,5,1
M0204,T0944,True,True,True,False,True,False,5,1
M0901,T0714,True,True,True,False,True,False,4,1
M0941,T0344,True,True,True,False,False,True,5,1
M0371,T0621,True,True,True,False,True,False,5,1
M0403,T0198,True,True,True,False,False,True,5,1
M0712,T0075,True,True,True,False,True,False,5,1
M0421,T0151,True,True,True,False,True,False,5,1
M0998,T0732,True,True,True,False,True,False,5,1
M0303,T0769,True,True,True,False,False,True,5,1
M0644,T0594,True,True,True,False,False,True,5,1
M0024,T0527,True,True,True,False,True,True,5,1
M0226,T0647,True,True,True,False,True,True,5,1
M0544,T0205,True,True,True,False,False,True,5,1
M0215,T0942,True,True,True,False,False,True,5,1
M0827,T0087,True,True,True,False,False,True,5,1
M0724,T0867,True,True,True,False,True,True,5,1
M0795,T0574,True,True,True,False,True,False,5,1
M0147,T0605,True,True,True,False,True,False,4,1
M0400,T0188,True,True,True,False,True,False,5,1
M0587,T0096,True,True,True,False,False,True,5,1
M0977,T0684,True,True,True,False,True,False,5,1
M0756,T0903,True,True,True,False,True,True,5,1
M0763,T0087,True,True,True,False,True,True,5,1
M0053,T0519,True,True,True,False,True,False,5,1
M0032,T0881,True,True,True,False,True,False,4,1
M0119,T0556,True,True,True,False,False,True,4,1
M0328,T0382,True,True,True,False,False,True,5,1
M0019,T0347,True,True,True,False,True,True,5,1
M0678,T0455,True,True,True,False,True,False,5,1
M0589,T0130,True,True,True,False,True,False,5,1
M0270,T0302,True,True,True,False,False,True,5,1
M0470,T0433,True,True,True,False,True,True,4,1
M0393,T0450,True,True,True,False,False,True,5,1
M0237,T0690,True,True,True,False,False,True,5,1
M0425,T0586,True,True,True,False,False,True,4,1
M0956,T0260,True,True,True,False,True,False,4,1
M0908,T0077,True,True,True,False,True,True,4,1
M0686,T0545,True,True,True,False,False,True,5,1
M0093,T0633,True,True,True,False,False,True,5,1
M0172,T0636,True,True,True,False,False,True,5,1
M0222,T0343,True,True,True,False,False,True,4,1
M0169,T0863,True,True,True,False,True,False,4,1
M0731,T0492,True,True,True,False,True,True,4,1
M0749,T0442,True,True,True,False,True,False,4,1
M0793,T0743,True,True,True,False,True,False,5,1
M0909,T0220,True,True,True,False,True,True,4,1
M0151,T0110,True,True,True,False,False,True,5,1
M0697,T0763,True,True,True,False,False,True,4,1
M0971,T0012,True,True,True,False,False,True,4,1
M0353,T0610,True,True,True,False,True,True,5,1
M0042,T0085,True,True,True,False,False,True,5,1
M0634,T0486,True,True,True,False,True,False,4,1
M0930,T0143,True,True,True,False,True,True,5,1
M0246,T0332,True,True,True,False,True,True,5,1
M0434,T0057,True,True,True,False,True,True,4,1
M0638,T0763,True,True,True,False,False,True,5,1
M0435,T0261,True,True,True,False,True,False,4,1
M0486,T0987,True,True,True,False,False,True,4,1
M0125,T0666,True,True,True,False,True,False,5,1
M0005,T0849,True,True,True,False,True,False,4,1
M0389,T0124,True,True,True,False,True,False,5,1
M0355,T0403,True,True,True,False,False,True,4,1
M0352,T0167,True,True,True,False,True,False,5,1
M0157,T0838,True,True,True,False,True,True,4,1
M0664,T0180,True,True,True,False,False,True,5,1
M0984,T0664,True,True,True,False,False,True,4,1
M0033,T0903,True,True,True,False,True,True,5,1
M0310,T0600,True,True,True,False,False,True,4,1
M0578,T0009,True,True,True,False,True,False,4,1
M0956,T0448,True,True,True,False,True,False,4,1
M0989,T0434,True,True,True,False,True,True,5,1
M0816,T0133,True,True,True,False,True,True,5,1
M0528,T0322,True,True,True,False,True,True,4,1
M0987,T0585,True,True,True,False,False,True,5,1
M0908,T0997,True,True,True,False,True,False,4,1
M0760,T0755,True,True,True,False,True,False,5,1
M0475,T0299,True,True,True,False,True,False,5,1
M0308,T0277,True,True,True,False,True,True,4,1
M0908,T0517,True,True,True,False,True,False,5,1
M0634,T0756,True,True,True,False,True,False,5,1
M0892,T1000,True,True,True,False,True,False,5,1
M0243,T0331,True,True,True,False,True,False,4,1
M0493,T0205,True,True,True,False,False,True,5,1
M0816,T0701,True,True,True,False,True,False,4,1
M0793,T0064,True,True,True,False,True,False,5,1
M0649,T0376,True,True,True,False,False,True,5,1
M0433,T0029,True,True,True,False,True,False,5,1
M0834,T0357,True,True,True,False,True,False,5,1
M0674,T0508,True,True,True,False,True,False,5,1
M0069,T0567,True,True,True,False,True,False,4,1
M0935,T0501,True,True,True,False,False,True,5,1
M0998,T0779,True,True,True,False,True,False,4,1
M0204,T0423,True,True,True,False,True,False,5,1
M0558,T0399,True,True,True,False,True,False,5,1
M0510,T0815,True,True,True,False,True,False,4,1
M0637,T0868,True,True,True,False,False,True,5,1
M0509,T0895,True,True,True,False,True,True,5,1
M0545,T0920,True,True,True,False,False,True,5,1
M0489,T0810,True,True,True,False,False,True,5,1
M0113,T0814,True,True,True,False,True,False,5,1
M0008,T0428,True,True,True,False,False,True,4,1
M0925,T0364,True,True,True,False,False,True,5,1
M0551,T0098,True,True,True,False,False,True,4,1
M0589,T0841,True,True,True,False,True,False,5,1
M0800,T0156,True,True,True,False,False,True,5,1
M0668,T0636,True,True,True,False,False,True,5,1
M0157,T0701,True,True,True,False,True,False,4,1
M0178,T0436,True,True,True,False,True,False,4,1
M0606,T0376,True,True,True,False,False,True,4,1
M0032,T0550,True,True,True,False,True,False,4,1
M0647,T0492,True,True,True,False,False,True,4,1
M0038,T0485,True,True,True,False,False,True,5,1
M0540,T0581,True,True,True,False,False,True,5,1
M0526,T0556,True,True,True,False,True,True,4,1
M0263,T0783,True,True,True,False,True,False,4,1
M0594,T0939,True,True,True,False,False,True,4,1
M0223,T0616,True,True,True,False,False,True,5,1
M0719,T0069,True,True,True,False,True,True,5,1
M0884,T0876,True,True,True,False,False,True,4,1
M0652,T0970,True,True,True,False,True,False,5,1
M0574,T0220,True,True,True,False,False,True,4,1
M0841,T0883,True,True,True,False,False,True,4,1
M0815,T0790,True,True,True,False,False,True,4,1
M0764,T0584,True,True,True,False,False,True,4,1
M0572,T0292,True,True,True,False,False,True,4,1
M0960,T0268,True,True,True,False,False,True,4,1
M0061,T0912,True,True,True,False,False,True,5,1
M0016,T0269,True,True,True,False,False,True,5,1
M0250,T0048,True,True,True,False,True,False,5,1
M0014,T0293,True,True,True,False,True,True,4,1
M0856,T0049,True,True,True,False,False,True,5,1
M0937,T0051,True,True,True,False,True,False,5,1
M0347,T0277,True,True,True,False,False,True,5,1
M0961,T0838,True,True,True,False,True,True,4,1
M0731,T0492,True,True,True,False,True,True,4,1
M0145,T0743,True,True,True,False,True,False,5,1
M0011,T0884,True,True,True,False,True,False,4,1
M0433,T0565,True,True,True,False,True,False,4,1
M0495,T0356,True,True,True,False,True,False,4,1
M0433,T0393,True,True,True,False,True,False,4,1
M0910,T0515,True,True,True,False,True,False,5,1
M0670,T0179,True,True,True,False,False,True,4,1
M0542,T0005,True,True,True,False,True,False,5,1
M0373,T0412,True,True,True,False,False,True,5,1
M0317,T0141,True,True,True,False,False,True,4,1
M0461,T0838,True,True,True,False,False,True,4,1
M0908,T0789,True,True,True,False,True,True,4,1
M0660,T0151,True,True,True,False,True,False,4,1
M0345,T0164,True,True,True,False,False,True,5,1
M0447,T0325,True,True,True,False,False,True,5,1
M0151,T0388,True,True,True,False,False,True,5,1
M0675,T0158,True,True,True,False,True,False,4,1
M0799,T0636,True,True,True,False,False,True,4,1
M0974,T0543,True,True,True,False,False,True,4,1
M0494,T0500,True,True,True,False,True,False,5,1
M0385,T0866,True,True,True,False,True,True,5,1
M0484,T0274,True,True,True,False,True,False,5,1
M0510,T0389,True,True,True,False,True,True,4,1
M0763,T0237,True,True,True,False,True,False,4,1
M0202,T0231,True,True,True,False,False,True,5,1
M0596,T0269,True,True,True,False,False,True,4,1
M0808,T0745,True,True,True,False,True,False,4,1
M0160,T0813,True,True,True,False,False,True,4,1
M0952,T0746,True,True,True,False,True,False,4,1
M0110,T0578,True,True,True,False,False,True,5,1
M0147,T0458,True,True,True,False,True,False,5,1
M0686,T0527,True,True,True,False,False,True,5,1
M0360,T0653,True,True,True,False,True,True,4,1
M0501,T0598,True,True,True,False,False,True,5,1
M0299,T0284,True,True,True,False,True,False,4,1
M0477,T0586,True,True,True,False,True,True,5,1
M0276,T0940,True,True,True,False,False,True,4,1
M0285,T0269,True,True,True,False,False,True,5,1
M0485,T0562,True,True,True,False,True,False,5,1
M0691,T0493,True,True,True,False,True,False,5,1
M0607,T0616,True,True,True,False,False,True,5,1
M0876,T0741,True,True,True,False,False,True,4,1
M0435,T0225,True,True,True,False,True,True,5,1
M0729,T0085,True,True,True,False,False,True,4,1
M0212,T0082,True,True,True,False,False,True,4,1
M0532,T0955,True,True,True,False,False,True,5,1
M0257,T0883,True,True,True,False,False,True,5,1
M0990,T0312,True,True,True,False,True,False,4,1
M0884,T0876,True,True,True,False,False,True,4,1
M0010,T0124,True,True,True,False,True,False,4,1
M0094,T0359,True,True,True,False,False,True,5,1
M0989,T0878,True,True,True,False,True,True,5,1
M0818,T0156,True,True,True,False,False,True,5,1
M0244,T0778,True,True,True,False,False,True,5,1
M0416,T0767,True,True,True,False,False,True,5,1
M0206,T0578,True,True,True,False,False,True,5,1
M0071,T0705,True,True,True,False,True,True,4,1
M0843,T0167,True,True,True,False,True,False,5,1
M0536,T0184,True,True,True,False,False,True,4,1
M0318,T0802,True,True,True,False,True,False,4,1
M0902,T0542,True,True,True,False,True,False,5,1
M0968,T0036,True,True,True,False,True,False,5,1
M0944,T0570,True,True,True,False,False,True,5,1
M0609,T0396,True,True,True,False,True,False,4,1
M0308,T0277,True,True,True,False,True,True,4,1
M0462,T0651,True,True,True,False,False,True,5,1
M0134,T0220,True,True,True,False,False,True,5,1
M0328,T0637,True,True,True,False,False,True,5,1
M0449,T0901,True,True,True,False,False,True,4,1
M0134,T0220,True,True,True,False,False,True,4,1
M0872,T0372,True,True,True,False,False,True,5,1
M0252,T0364,True,True,True,False,False,True,5,1
M0634,T0670,True,True,True,False,True,False,5,1
M0570,T0751,True,True,True,False,False,True,5,1
M0692,T0379,True,True,True,False,True,False,5,1
M0346,T0919,True,True,True,False,False,True,5,1
M0378,T0568,True,True,True,False,True,False,5,1
M0307,T0450,True,True,True,False,True,True,4,1
M0178,T0932,True,True,True,False,True,False,4,1
M0609,T0505,True,True,True,False,True,False,5,1
M0759,T0775,True,True,True,False,True,False,5,1
M0170,T0640,True,True,True,False,False,True,5,1
M0053,T0616,True,True,True,False,True,True,5,1
M0263,T0241,True,True,True,False,True,False,4,1
M0867,T0940,True,True,True,False,True,True,4,1
M0977,T0751,True,True,True,False,True,True,4,1
M0837,T0635,True,True,True,False,True,False,4,1
M0626,T0527,True,True,True,False,False,True,4,1
M0996,T0309,True,True,True,False,False,True,5,1
M0197,T0268,True,True,True,False,True,True,5,1
M0617,T0948,True,True,True,False,False,True,5,1
M0095,T0081,True,True,True,False,True,True,4,1
M0843,T0247,True,True,True,False,True,False,4,1
M0479,T0184,True,True,True,False,False,True,5,1
M0816,T0776,True,True,True,False,True,False,5,1
M0931,T0633,True,True,True,False,False,True,4,1
M0014,T0921,True,True,True,False,True,True,4,1
M0843,T0247,True,True,True,False,True,False,4,1
M0625,T0359,True,True,True,False,False,True,4,1
M0708,T0038,True,True,True,False,False,True,5,1
M0154,T0430,True,True,True,False,True,False,4,1
M0429,T0385,True,True,True,False,True,False,5,1
M0542,T0430,True,True,True,False,True,False,4,1
M0268,T0160,True,True,True,False,False,True,5,1
M0898,T0067,True,True,True,False,True,True,5,1
M0201,T0288,True,True,True,False,False,True,5,1
M0518,T0672,True,True,True,False,True,True,4,1
M0709,T0050,True,True,True,False,True,False,4,1
M0698,T0006,True,True,True,False,False,True,4,1
M0635,T0388,True,True,True,False,False,True,4,1
M0420,T0968,True,True,True,False,False,True,4,1
M0743,T0955,True,True,True,False,True,True,5,1
M0764,T0485,True,True,True,False,False,True,5,1
M0339,T0967,True,True,True,False,True,True,5,1
M0724,T0821,True,True,True,False,True,False,5,1
M0314,T0374,True,True,True,False,True,False,5,1
M0528,T0853,True,True,True,False,True,False,5,1
M0977,T0412,True,True,True,False,True,True,4,1
M0104,T0330,True,True,True,False,False,True,5,1
M0793,T0788,True,True,True,False,True,False,5,1
M0231,T0208,True,True,True,False,False,True,4,1
M0486,T0503,True,True,True,False,False,True,5,1
M0230,T0019,True,True,True,False,False,True,4,1
M0204,T0945,True,True,True,False,True,True,5,1
M0546,T0011,True,True,True,False,False,True,5,1
M0517,T0889,True,True,True,False,False,True,5,1
M0175,T0399,True,True,True,False,True,False,4,1
M0961,T0831,True,True,True,False,True,False,4,1
M0962,T0459,True,True,True,False,True,False,4,1
M0045,T0762,True,True,True,False,False,True,5,1
M0755,T0417,True,True,True,False,True,False,5,1
M0389,T0265,True,True,True,False,True,False,5,1
M0015,T0786,True,True,True,False,False,True,4,1
M0512,T0849,True,True,True,False,True,False,4,1
M0185,T0086,True,True,True,False,True,False,5,1
M0892,T0600,True,True,True,False,True,True,5,1
M0608,T0913,True,True,True,False,False,True,5,1
M0575,T0257,True,True,True,False,False,True,4,1
M0254,T0945,True,True,True,False,False,True,5,1
M0196,T0540,True,True,True,False,False,True,5,1
M0642,T0777,True,True,True,False,False,True,5,1
M0279,T0447,True,True,True,False,False,True,5,1
M0503,T0292,True,True,True,False,False,True,5,1
M0494,T0953,True,True,True,False,True,False,5,1
M0526,T0398,True,True,True,False,True,False,4,1
M0215,T0819,True,True,True,False,False,True,5,1
M0020,T0828,True,True,True,False,True,False,4,1
M0919,T0094,True,True,True,False,False,True,4,1
M0864,T0839,True,True,True,False,True,False,5,1
M0437,T0056,True,True,True,False,True,False,5,1
M0901,T0536,True,True,True,False,True,False,4,1
M0941,T0699,True,True,True,False,False,True,5,1
M0148,T0807,True,True,True,False,True,False,5,1
M0489,T0349,True,True,True,False,False,True,4,1
M0720,T0128,True,True,True,False,True,False,5,1
M0448,T0693,True,True,True,False,False,True,4,1
M0058,T0143,True,True,True,False,False,True,5,1
M0399,T0948,True,True,True,False,True,True,4,1
M0053,T0508,True,True,True,False,True,False,4,1
M0598,T0694,True,True,True,False,False,True,5,1
M0743,T0343,True,True,True,False,True,True,4,1
M0315,T0178,True,True,True,False,True,False,5,1
M0852,T0490,True,True,True,False,True,False,4,1
M0548,T0767,True,True,True,False,True,True,5,1
M0419,T0322,True,True,True,False,False,True,5,1
M0463,T0482,True,True,True,False,False,True,5,1
M0625,T0470,True,True,True,False,False,True,4,1
M0378,T0416,True,True,True,False,True,False,4,1
M0247,T0159,True,True,True,False,True,False,4,1
M0750,T0743,True,True,True,False,True,False,4,1
M0249,T0672,True,True,True,False,False,True,5,1
M0815,T0941,True,True,True,False,False,True,5,1
M0143,T0175,True,True,True,False,True,False,5,1
M0248,T0397,True,True,True,False,False,True,5,1
M0488,T0573,True,True,True,False,True,False,4,1
M0100,T0540,True,True,True,False,False,True,5,1
M0608,T0913,True,True,True,False,False,True,5,1
M0191,T0041,True,True,True,False,True,False,5,1
M0919,T0630,True,True,True,False,False,True,5,1
M0516,T0771,True,True,True,False,True,True,4,1
M0906,T0603,True,True,True,False,True,False,4,1
M0495,T0840,True,True,True,False,True,False,4,1
M0575,T0304,True,True,True,False,False,True,4,1
M0870,T0300,True,True,True,False,True,False,4,1
M0060,T0004,True,True,True,False,False,True,5,1
M0859,T0111,True,True,True,False,False,True,4,1
M0780,T0638,True,True,True,False,True,False,5,1
M0700,T0966,True,True,True,False,False,True,5,1
M0390,T0895,True,True,True,False,False,True,4,1
M0684,T0034,True,True,True,False,True,False,5,1
M0760,T0861,True,True,True,False,True,False,4,1
M0995,T0288,True,True,True,False,True,True,4,1
M0692,T0687,True,True,True,False,True,True,5,1
M0959,T0273,True,True,True,False,False,True,5,1
M0532,T0343,True,True,True,False,False,True,4,1
M0905,T0951,True,True,True,False,False,True,4,1
M0319,T0901,True,True,True,False,False,True,4,1
M0562,T0451,True,True,True,False,False,True,5,1
M0357,T0079,True,True,True,False,True,True,4,1
M0876,T0741,True,True,True,False,False,True,5,1
M0534,T0061,True,True,True,False,True,False,5,1
M0262,T0983,True,True,True,False,True,False,5,1
M0589,T0035,True,True,True,False,True,False,4,1
M0454,T0059,True,True,True,False,False,True,5,1
M0592,T0088,True,True,True,False,False,True,4,1
M0750,T0064,True,True,True,False,True,False,5,1
M0676,T0676,True,True,True,False,True,False,5,1
M0084,T0892,True,True,True,False,False,True,5,1
M0459,T0926,True,True,True,False,True,True,4,1
M0023,T0457,True,True,True,False,False,True,5,1
M0413,T0094,True,True,True,False,True,True,5,1
M0263,T0926,True,True,True,False,True,True,5,1
M0036,T0655,True,True,True,False,False,True,5,1
M0024,T0086,True,True,True,False,True,False,4,1
M0337,T0039,True,True,True,False,True,False,4,1
M0892,T0646,True,True,True,False,True,False,4,1
M0811,T0713,True,True,True,False,False,True,4,1
M0132,T0049,True,True,True,False,False,True,4,1
M0619,T0630,True,True,True,False,False,True,5,1
M0026,T0347,True,True,True,False,False,True,5,1
M0790,T0070,True,True,True,False,False,True,5,1
M0337,T0059,True,True,True,False,True,True,5,1
M0877,T0345,True,True,True,False,True,False,5,1
M0640,T0388,True,True,True,False,False,True,5,1
M0628,T0699,True,True,True,False,False,True,5,1
M0138,T0737,True,True,True,False,True,False,5,1
M0643,T0763,True,True,True,False,False,True,5,1
M0148,T0412,True,True,True,False,True,True,4,1
M0703,T0655,True,True,True,False,False,True,5,1
M0049,T0681,True,True,True,False,True,False,5,1
M0225,T0949,True,True,True,False,False,True,4,1
M0236,T0435,True,True,True,False,True,True,5,1
M0926,T0413,True,True,True,False,True,True,4,1
M0153,T0522,True,True,True,False,True,False,5,1
M0459,T0330,True,True,True,False,True,True,5,1
M0578,T0681,True,True,True,False,True,False,5,1
M0952,T0970,True,True,True,False,True,False,5,1
M0795,T0574,True,True,True,False,True,False,5,1
M0877,T0807,True,True,True,False,True,False,5,1
M0322,T0963,True,True,True,False,True,True,4,1
M0502,T0556,True,True,True,False,False,True,4,1
M0739,T0867,True,True,True,False,False,True,4,1
M0389,T0453,True,True,True,False,True,True,4,1
M0646,T0231,True,True,True,False,True,True,5,1
M0242,T0604,True,True,True,False,True,False,5,1
M0478,T0109,True,True,True,False,True,False,4,1
M0526,T0831,True,True,True,False,True,False,4,1
M0049,T0009,True,True,True,False,True,False,5,1
M0877,T0751,True,True,True,False,True,True,5,1
M0716,T0274,True,True,True,False,True,False,4,1
M0580,T0618,True,True,True,False,True,False,5,1
M0787,T0477,True,True,True,False,False,True,4,1
M0507,T0751,True,True,True,False,False,True,5,1
M0038,T0485,True,True,True,False,False,True,5,1
M0582,T0786,True,True,True,False,False,True,4,1
M0383,T0437,True,True,True,False,False,True,5,1
M0240,T0923,True,True,True,False,True,True,4,1
M0550,T0019,True,True,True,False,False,True,5,1
M0107,T0428,True,True,True,False,False,True,5,1
M0680,T0087,True,True,True,False,False,True,4,1
M0148,T0032,True,True,True,False,True,False,5,1
M0879,T0253,True,True,True,False,True,False,5,1
M0353,T0717,True,True,True,False,True,True,5,1
M0831,T0526,True,True,True,False,True,False,4,1
M0619,T0949,True,True,True,False,False,True,5,1
M0906,T0736,True,True,True,False,True,False,5,1
M0522,T0301,True,True,True,False,False,True,5,1
M0970,T0074,True,True,True,False,True,False,4,1
M0247,T0184,True,True,True,False,True,True,5,1
M0179,T0773,True,True,True,False,False,True,4,1
M0684,T0728,True,True,True,False,True,False,5,1
M0675,T0147,True,True,True,False,True,False,5,1
M0181,T0627,True,True,True,False,True,False,5,1
M0066,T0418,True,True,True,False,True,False,5,1
M0491,T0491,True,True,True,False,False,True,4,1
M0990,T0369,True,True,True,False,True,True,5,1
M0945,T0460,True,True,True,False,False,True,5,1
M0914,T0148,True,True,True,False,False,True,5,1
M0957,T0347,True,True,True,False,True,True,5,1
M0531,T0349,True,True,True,False,True,True,5,1
M0788,T0369,True,True,True,False,False,True,5,1
M0622,T0533,True,True,True,False,True,False,4,1
M0375,T0351,True,True,True,False,True,True,5,1
M0108,T0214,True,True,True,False,False,True,5,1
M0033,T0061,True,True,True,False,True,False,5,1
M0837,T0812,True,True,True,False,True,False,5,1
M0181,T0519,True,True,True,False,True,False,4,1
M0117,T0687,True,True,True,False,True,True,5,1
M0243,T0015,True,True,True,False,True,False,5,1
M0749,T0119,True,True,True,False,True,True,5,1
M0970,T0074,True,True,True,False,True,False,5,1
M0743,T0881,True,True,True,False,True,False,5,1
M0776,T0085,True,True,True,False,False,True,5,1
M0519,T0469,True,True,True,False,False,True,5,1
M0030,T0996,True,True,True,False,False,True,5,1
M0181,T0627,True,True,True,False,True,False,5,1
M0573,T0676,True,True,True,False,True,False,5,1
M0164,T0026,True,True,True,False,True,False,4,1
M0148,T0032,True,True,True,False,True,False,4,1
M0313,T0687,True,True,True,False,False,True,5,1
M0351,T0637,True,True,True,False,False,True,4,1
M0824,T0212,True,True,True,False,True,False,4,1
M0375,T0637,True,True,True,False,True,True,5,1
M0453,T0785,True,True,True,False,False,True,4,1
M0007,T0903,True,True,True,False,False,True,4,1
M0035,T0586,True,True,True,False,False,True,4,1
M0506,T0038,True,True,True,False,True,True,5,1
M0047,T0332,True,True,True,False,False,True,5,1
M0880,T0162,True,True,True,False,False,True,4,1
M0274,T0070,True,True,True,False,True,True,5,1
M0028,T0447,True,True,True,False,False,True,4,1
M0830,T0467,True,True,True,False,True,False,4,1
M0968,T0651,True,True,True,False,True,True,4,1
M0263,T0261,True,True,True,False,True,False,4,1
M0020,T0938,True,True,True,False,True,False,5,1
M0204,T0300,True,True,True,False,True,False,5,1
M0453,T0992,True,True,True,False,False,True,5,1
M0855,T0066,True,True,True,False,False,True,5,1
M0054,T0574,True,True,True,False,True,False,5,1
M0655,T0403,True,True,True,False,False,True,5,1
M0195,T0427,True,True,True,False,True,False,4,1
M0982,T0789,True,True,True,False,True,True,5,1
M0491,T0909,True,True,True,False,False,True,4,1
M0894,T0612,True,True,True,False,False,True,5,1
M0872,T0366,True,True,True,False,False,True,5,1
M0040,T0890,True,True,True,False,False,True,5,1
M0328,T0987,True,True,True,False,False,True,5,1
M0224,T0410,True,True,True,False,False,True,5,1
M0743,T0915,True,True,True,False,True,False,5,1
M0585,T0594,True,True,True,False,False,True,4,1
M0720,T0413,True,True,True,False,True,True,5,1
M0964,T0581,True,True,True,False,False,True,4,1
M0537,T0973,True,True,True,False,False,True,5,1
M0393,T0450,True,True,True,False,False,True,4,1
M0049,T0730,True,True,True,False,True,False,4,1
M0125,T0989,True,True,True,False,True,False,5,1
M0990,T0394,True,True,True,False,True,False,4,1
M0526,T0906,True,True,True,False,True,True,5,1
M0531,T0349,True,True,True,False,True,True,5,1
M0639,T0121,True,True,True,False,False,True,4,1
M0121,T0659,True,True,True,False,False,True,5,1
M0424,T0428,True,True,True,False,False,True,5,1
M0046,T0794,True,True,True,False,False,True,5,1
M0474,T0672,True,True,True,False,False,True,5,1
M0506,T0754,True,True,True,False,True,False,4,1
M0768,T0640,True,True,True,False,False,True,5,1
M0130,T0866,True,True,True,False,True,True,4,1
M0719,T0530,True,True,True,False,True,False,5,1
M0132,T0764,True,True,True,False,False,True,4,1
M0616,T0765,True,True,True,False,False,True,4,1
M0285,T0962,True,True,True,False,False,True,5,1
M0362,T0108,True,True,True,False,True,False,5,1
M0926,T0375,True,True,True,False,True,False,4,1
M0161,T0734,True,True,True,False,True,False,5,1
M0218,T0177,True,True,True,False,True,True,4,1
M0429,T0757,True,True,True,False,True,False,4,1
M0641,T0336,True,True,True,False,True,False,4,1
M0592,T0376,True,True,True,False,False,True,4,1
M0129,T0085,True,True,True,False,False,True,5,1
M0437,T0937,True,True,True,False,True,False,4,1
M0392,T0521,True,True,True,False,False,True,4,1
M0388,T0926,True,True,True,False,False,True,5,1
M0008,T0578,True,True,True,False,False,True,5,1
M0387,T0027,True,True,True,False,False,True,4,1
M0571,T0380,True,True,True,False,True,False,4,1
M0924,T0491,True,True,True,False,False,True,5,1
M0345,T0097,True,True,True,False,False,True,4,1
M0477,T0815,True,True,True,False,True,False,4,1
M0491,T0580,True,True,True,False,False,True,5,1
M0219,T0941,True,True,True,False,False,True,5,1
M0786,T0942,True,True,True,False,False,True,5,1
M0663,T0198,True,True,True,False,False,True,5,1
M0494,T0386,True,True,True,False,True,True,5,1
M0277,T0729,True,True,True,False,True,False,5,1
M0009,T0220,True,True,True,False,False,True,5,1
M0217,T0545,True,True,True,False,False,True,5,1
M0538,T0938,True,True,True,False,True,False,4,1
M0173,T0399,True,True,True,False,True,False,4,1
M0217,T0832,True,True,True,False,False,True,5,1
M0087,T0326,True,True,True,False,False,True,4,1
M0867,T0360,True,True,True,False,True,False,4,1
M0208,T0633,True,True,True,False,False,True,5,1
M0185,T0527,True,True,True,False,True,True,5,1
M0401,T0890,True,True,True,False,False,True,5,1
M0721,T0096,True,True,True,False,True,True,5,1
M0270,T0740,True,True,True,False,False,True,5,1
M0182,T0857,True,True,True,False,True,False,5,1
M0336,T0241,True,True,True,False,True,False,5,1
M0221,T0349,True,True,True,False,True,True,5,1
M0755,T0632,True,True,True,False,True,True,5,1
M0284,T0516,True,True,True,False,False,True,5,1
M0892,T0154,True,True,True,False,True,False,4,1
M0140,T0617,True,True,True,False,False,True,4,1
M0857,T0004,True,True,True,False,False,True,5,1
M0811,T0651,True,True,True,False,False,True,5,1
M0011,T0022,True,True,True,False,True,True,4,1
M0024,T0495,True,True,True,False,True,False,5,1
M0860,T0778,True,True,True,False,False,True,5,1
M0313,T0687,True,True,True,False,False,True,5,1
M0229,T0928,True,True,True,False,False,True,4,1
M0130,T0564,True,True,True,False,True,False,5,1
M0862,T0575,True,True,True,False,True,True,5,1
M0375,T0733,True,True,True,False,True,False,4,1
M0005,T0049,True,True,True,False,True,True,5,1
M0466,T0172,True,True,True,False,True,False,4,1
M0376,T0790,True,True,True,False,False,True,5,1
M0509,T0021,True,True,True,False,True,False,4,1
M0390,T0895,True,True,True,False,False,True,4,1
M0965,T0304,True,True,True,False,False,True,4,1
M0205,T0805,True,True,True,False,True,False,4,1
M0947,T0517,True,True,True,False,True,False,4,1
M0992,T0066,True,True,True,False,False,True,4,1
M0537,T0332,True,True,True,False,False,True,5,1
M0698,T0963,True,True,True,False,False,True,5,1
M0360,T0713,True,True,True,False,True,True,5,1
M0473,T0954,True,True,True,False,True,False,4,1
M0934,T0945,True,True,True,False,False,True,4,1
M0167,T0803,True,True,True,False,False,True,4,1
M0982,T0691,True,True,True,False,True,False,5,1
M0942,T0033,True,True,True,False,True,False,4,1
M0790,T0070,True,True,True,False,False,True,4,1
M0378,T0072,True,True,True,False,True,True,4,1
M0148,T0345,True,True,True,False,True,False,5,1
M0446,T0658,True,True,True,False,False,True,4,1
M0888,T0145,True,True,True,False,False,True,4,1
M0715,T0301,True,True,True,False,False,True,5,1
M0767,T0292,True,True,True,False,False,True,5,1
M0586,T0221,True,True,True,False,False,True,5,1
M0918,T0059,True,True,True,False,False,True,4,1
M0787,T0867,True,True,True,False,False,True,4,1
M0826,T0160,True,True,True,False,False,True,4,1
M0029,T0896,True,True,True,False,True,True,4,1
M0255,T0248,True,True,True,False,False,True,5,1
M0716,T0546,True,True,True,False,True,True,5,1
M0911,T0277,True,True,True,False,False,True,5,1
M0534,T0800,True,True,True,False,True,True,4,1
M0978,T0687,True,True,True,False,False,True,4,1
M0858,T0615,True,True,True,False,True,False,5,1
M0399,T0561,True,True,True,False,True,False,4,1
M0902,T0890,True,True,True,False,True,True,4,1
M0268,T0864,True,True,True,False,False,True,5,1
M0977,T0134,True,True,True,False,True,False,5,1
M0314,T0292,True,True,True,False,True,True,5,1
M0110,T0771,True,True,True,False,False,True,5,1
M0032,T0792,True,True,True,False,True,False,5,1
M0019,T0347,True,True,True,False,True,True,5,1
M0984,T0433,True,True,True,False,False,True,5,1
M0029,T0742,True,True,True,False,True,False,5,1
M0478,T0823,True,True,True,False,True,True,5,1
M0318,T0263,True,True,True,False,True,False,5,1
M0085,T0768,True,True,True,False,True,False,4,1
M0879,T0217,True,True,True,False,True,False,5,1
M0724,T0568,True,True,True,False,True,False,4,1
M0274,T0591,True,True,True,False,True,False,4,1
M0163,T0198,True,True,True,False,False,True,4,1
M0240,T0923,True,True,True,False,True,True,5,1
M0978,T0687,True,True,True,False,False,True,5,1
M0468,T0966,True,True,True,False,False,True,5,1
M0005,T0600,True,True,True,False,True,True,5,1
M0901,T0536,True,True,True,False,True,False,5,1
M0025,T0208,True,True,True,False,False,True,5,1
M0364,T0875,True,True,True,False,False,True,5,1
M0443,T0844,True,True,True,False,False,True,5,1
M0216,T0652,True,True,True,False,False,True,4,1
M0892,T0154,True,True,True,False,True,False,4,1
M0795,T0359,True,True,True,False,True,True,4,1
M0991,T0099,True,True,True,False,True,False,5,1
M0952,T0746,True,True,True,False,True,False,5,1
M0790,T0057,True,True,True,False,False,True,5,1
M0780,T0069,True,True,True,False,True,True,5,1
M0478,T0283,True,True,True,False,True,False,5,1
M0601,T0947,True,True,True,False,False,True,4,1
M0223,T0110,True,True,True,False,False,True,5,1
M0538,T0828,True,True,True,False,True,False,4,1
M0439,T0853,True,True,True,False,True,False,5,1
M0968,T0036,True,True,True,False,True,False,5,1
M0207,T0296,True,True,True,False,False,True,4,1
M0542,T0863,True,True,True,False,True,False,5,1
M0814,T0534,True,True,True,False,True,False,5,1
M0342,T0363,True,True,True,False,True,False,4,1
M0030,T0998,True,True,True,False,False,True,5,1
M0642,T0292,True,True,True,False,False,True,4,1
M0204,T0770,True,True,True,False,True,False,4,1
M0928,T0304,True,True,True,False,True,True,5,1
M0033,T0019,True,True,True,False,True,True,4,1
M0336,T0305,True,True,True,False,True,False,5,1
M0556,T0217,True,True,True,False,True,False,5,1
M0312,T0620,True,True,True,False,False,True,4,1
M0510,T0597,True,True,True,False,True,False,5,1
M0633,T0012,True,True,True,False,True,True,5,1
M0308,T0277,True,True,True,False,True,True,5,1
M0977,T0048,True,True,True,False,True,False,4,1
M0746,T0694,True,True,True,False,False,True,5,1
M0033,T0965,True,True,True,False,True,False,4,1
M0503,T0023,True,True,True,False,False,True,5,1
M0786,T0942,True,True,True,False,False,True,4,1
M0898,T0091,True,True,True,False,True,False,4,1
M0594,T0939,True,True,True,False,False,True,4,1
M0555,T0574,True,True,True,False,True,False,4,1
M0655,T0948,True,True,True,False,False,True,5,1
M0296,T0301,True,True,True,False,False,True,5,1
M0514,T0951,True,True,True,False,False,True,5,1
M0735,T0875,True,True,True,False,False,True,5,1
M0646,T0321,True,True,True,False,True,False,5,1
M0447,T0325,True,True,True,False,False,True,4,1
M0565,T0164,True,True,True,False,False,True,4,1
M0951,T0245,True,True,True,False,False,True,4,1
M0621,T0913,True,True,True,False,False,True,4,1
M0599,T0945,True,True,True,False,False,True,5,1
M0494,T0953,True,True,True,False,True,False,4,1
M0887,T0853,True,True,True,False,True,False,5,1
M0582,T0962,True,True,True,False,False,True,4,1
M0510,T0881,True,True,True,False,True,False,4,1
M0836,T0344,True,True,True,False,True,True,5,1
M0057,T0975,True,True,True,False,True,False,5,1
M0221,T0422,True,True,True,False,True,False,5,1
M0498,T0345,True,True,True,False,True,False,5,1
M0125,T0190,True,True,True,False,True,False,5,1
M0155,T0823,True,True,True,False,False,True,5,1
M0958,T0906,True,True,True,False,False,True,4,1
M0115,T0878,True,True,True,False,False,True,5,1
M0443,T0428,True,True,True,False,False,True,5,1
M0666,T0590,True,True,True,False,True,False,4,1
M0181,T0627,True,True,True,False,True,False,5,1
M0590,T0903,True,True,True,False,False,True,5,1
M0499,T0190,True,True,True,False,True,False,5,1
M0050,T0613,True,True,True,False,True,False,4,1
M0308,T0923,True,True,True,False,True,True,4,1
M0909,T0200,True,True,True,False,True,False,5,1
M0415,T0947,True,True,True,False,False,True,5,1
M0762,T0485,True,True,True,False,True,True,5,1
M0921,T0256,True,True,True,False,False,True,5,1
M0537,T0011,True,True,True,False,False,True,5,1
M0076,T0819,True,True,True,False,False,True,4,1
M0793,T0064,True,True,True,False,True,False,4,1
M0153,T0522,True,True,True,False,True,False,5,1
M0434,T0057,True,True,True,False,True,True,4,1
M0534,T0801,True,True,True,False,True,False,5,1
M0977,T0807,True,True,True,False,True,False,4,1
M0884,T0876,True,True,True,False,False,True,5,1
M0732,T0437,True,True,True,False,False,True,5,1
M0284,T0516,True,True,True,False,False,True,5,1
M0548,T0463,True,True,True,False,True,False,5,1
M0477,T0550,True,True,True,False,True,False,4,1
M0894,T0226,True,True,True,False,False,True,5,1
M0510,T0203,True,True,True,False,True,False,5,1
M0991,T0638,True,True,True,False,True,False,5,1
M0435,T0225,True,True,True,False,True,True,5,1
M0814,T0233,True,True,True,False,True,False,4,1
M0684,T0135,True,True,True,False,True,False,4,1
M0205,T0983,True,True,True,False,True,False,4,1
M0801,T0193,True,True,True,False,True,False,4,1
M0825,T0669,True,True,True,False,False,True,4,1
M0175,T0399,True,True,True,False,True,False,4,1
M0597,T0598,True,True,True,False,False,True,5,1
M0469,T0428,True,True,True,False,True,True,5,1
M0953,T0098,True,True,True,False,False,True,5,1
M0747,T0972,True,True,True,False,False,True,5,1
M0755,T0755,True,True,True,False,True,False,4,1
M0654,T0049,True,True,True,False,False,True,5,1
M0341,T0890,True,True,True,False,False,True,5,1
M0310,T0600,True,True,True,False,False,True,5,1
M0080,T0508,True,True,True,False,True,False,4,1
M0744,T0961,True,True,True,False,True,False,4,1
M0819,T0190,True,True,True,False,True,False,5,1
M0877,T0498,True,True,True,False,True,False,5,1
M0263,T0783,True,True,True,False,True,False,4,1
M0385,T0531,True,True,True,False,True,True,5,1
M0684,T0135,True,True,True,False,True,False,5,1
M0286,T0585,True,True,True,False,False,True,5,1
M0990,T0910,True,True,True,False,True,False,4,1
M0039,T0832,True,True,True,False,False,True,5,1
M0926,T0413,True,True,True,False,True,True,5,1
M0989,T0098,True,True,True,False,True,True,5,1
M0161,T0037,True,True,True,False,True,False,4,1
M0691,T0196,True,True,True,False,True,False,5,1
M0449,T0803,True,True,True,False,False,True,5,1
M0411,T0616,True,True,True,False,False,True,5,1
M0337,T0180,True,True,True,False,True,True,5,1
M0680,T0824,True,True,True,False,False,True,4,1
M0322,T0480,True,True,True,False,True,False,4,1
M0342,T0303,True,True,True,False,True,False,5,1
M0627,T0593,True,True,True,False,True,True,5,1
M0972,T0545,True,True,True,False,False,True,4,1
M0870,T0423,True,True,True,False,True,False,5,1
M0360,T0653,True,True,True,False,True,True,5,1
M0541,T0570,True,True,True,False,False,True,5,1
M0909,T0715,True,True,True,False,True,False,4,1
M0881,T0783,True,True,True,False,True,False,5,1
M0526,T0401,True,True,True,False,True,False,5,1
M0377,T0081,True,True,True,False,False,True,4,1
M0022,T0012,True,True,True,False,False,True,5,1
M0274,T0456,True,True,True,False,True,False,4,1
M0124,T0909,True,True,True,False,False,True,4,1
M0319,T0901,True,True,True,False,False,True,4,1
M0073,T0604,True,True,True,False,True,False,5,1
M0369,T0833,True,True,True,False,True,False,4,1
M0087,T0878,True,True,True,False,False,True,5,1
M0348,T0539,True,True,True,False,False,True,4,1
M0187,T0285,True,True,True,False,False,True,4,1
M0862,T0575,True,True,True,False,True,True,5,1
M0947,T0077,True,True,True,False,True,True,5,1
M0391,T0739,True,True,True,False,True,False,5,1
M0961,T0401,True,True,True,False,True,False,5,1
M0139,T0137,True,True,True,False,False,True,4,1
M0395,T0410,True,True,True,False,False,True,4,1
M0768,T0098,True,True,True,False,False,True,4,1
M0274,T0057,True,True,True,False,True,True,5,1
M0205,T0358,True,True,True,False,True,False,5,1
M0892,T0600,True,True,True,False,True,True,4,1
M0161,T0767,True,True,True,False,True,True,4,1
M0389,T0820,True,True,True,False,True,False,4,1
M0877,T0412,True,True,True,False,True,True,4,1
M0548,T0837,True,True,True,False,True,False,5,1
M0488,T0919,True,True,True,False,True,True,4,1
M0720,T0128,True,True,True,False,True,False,4,1
M0461,T0133,True,True,True,False,False,True,4,1
M0114,T0288,True,True,True,False,True,True,5,1
M0746,T0443,True,True,True,False,False,True,5,1
M0273,T0070,True,True,True,False,False,True,4,1
M0956,T0189,True,True,True,False,True,False,5,1
M0619,T0630,True,True,True,False,False,True,5,1
M0797,T0443,True,True,True,False,False,True,4,1
M0876,T0900,True,True,True,False,False,True,4,1
M0370,T0470,True,True,True,False,False,True,4,1
M0037,T0570,True,True,True,False,False,True,5,1
M0299,T0404,True,True,True,False,True,False,5,1
M0637,T0397,True,True,True,False,False,True,5,1
M0601,T0972,True,True,True,False,False,True,4,1
M0594,T0939,True,True,True,False,False,True,5,1
M0928,T0246,True,True,True,False,True,False,5,1
M0382,T0767,True,True,True,False,False,True,5,1
M0273,T0070,True,True,True,False,False,True,5,1
M0219,T0920,True,True,True,False,False,True,5,1
M0182,T0108,True,True,True,False,True,False,5,1
M0466,T0486,True,True,True,False,True,False,5,1
M0497,T0998,True,True,True,False,False,True,5,1
M0535,T0909,True,True,True,False,False,True,5,1
M0016,T0962,True,True,True,False,False,True,4,1
M0232,T0437,True,True,True,False,False,True,4,1
M0271,T0397,True,True,True,False,False,True,4,1
M0421,T0753,True,True,True,False,True,True,5,1
M0538,T0356,True,True,True,False,True,False,5,1
M0108,T0447,True,True,True,False,False,True,5,1
M0387,T0137,True,True,True,False,False,True,5,1
M0212,T0470,True,True,True,False,False,True,5,1
M0571,T0462,True,True,True,False,True,False,4,1
M0866,T0651,True,True,True,False,True,True,5,1
M0906,T0536,True,True,True,False,True,False,5,1
M0952,T0371,True,True,True,False,True,True,5,1
M0765,T0688,True,True,True,False,True,False,4,1
M0808,T0406,True,True,True,False,True,False,4,1
M0138,T0298,True,True,True,False,True,False,5,1
M0043,T0438,True,True,True,False,True,False,4,1
M0073,T0123,True,True,True,False,True,False,4,1
M0461,T0556,True,True,True,False,False,True,4,1
M0687,T0245,True,True,True,False,False,True,4,1
M0670,T0913,True,True,True,False,False,True,4,1
M0665,T0546,True,True,True,False,False,True,4,1
M0576,T0196,True,True,True,False,True,False,4,1
M0695,T0626,True,True,True,False,True,False,5,1
M0157,T0452,True,True,True,True,True,False,5,1
M0274,T0057,True,True,True,False,True,True,4,1
M0876,T0706,True,True,True,False,False,True,4,1
M0383,T0066,True,True,True,False,False,True,5,1
M0058,T0390,True,True,True,False,False,True,4,1
M0362,T0642,True,True,True,False,True,False,5,1
M0073,T0096,True,True,True,False,True,True,5,1
M0749,T0119,True,True,True,False,True,True,5,1
M0720,T0413,True,True,True,False,True,True,5,1
M0376,T0875,True,True,True,False,False,True,4,1
M0915,T0549,True,True,True,False,True,False,5,1
M0863,T0623,True,True,True,False,False,True,5,1
M0555,T0082,True,True,True,False,True,True,4,1
M0920,T0310,True,True,True,False,True,False,4,1
M0075,T0929,True,True,True,False,True,False,5,1
M0341,T0832,True,True,True,False,False,True,5,1
M0676,T0220,True,True,True,False,True,True,5,1
M0781,T0838,True,True,True,False,False,True,4,1
M0762,T0584,True,True,True,False,True,True,4,1
M0691,T0493,True,True,True,False,True,False,5,1
M0413,T0674,True,True,True,False,True,False,5,1
M0977,T0504,True,True,True,False,True,False,5,1
M0972,T0545,True,True,True,False,False,True,5,1
M0075,T0929,True,True,True,False,True,False,5,1
M0677,T0443,True,True,True,False,False,True,5,1
M0824,T0081,True,True,True,False,True,True,4,1
M0011,T0895,True,True,True,False,True,True,4,1
M0848,T0889,True,True,True,False,False,True,4,1
M0247,T0123,True,True,True,False,True,False,4,1
M0603,T0277,True,True,True,False,False,True,5,1
M0534,T0019,True,True,True,False,True,True,5,1
M0552,T0293,True,True,True,False,False,True,4,1
M0914,T0148,True,True,True,False,False,True,5,1
M0225,T0794,True,True,True,False,False,True,5,1
M0315,T0082,True,True,True,False,True,True,5,1
M0526,T0906,True,True,True,False,True,True,4,1
M0281,T0072,True,True,True,False,False,True,5,1
M0086,T0848,True,True,True,False,False,True,4,1
M0564,T0443,True,True,True,False,False,True,5,1
M0736,T0111,True,True,True,False,False,True,4,1
M0845,T0179,True,True,True,False,False,True,5,1
M0576,T0639,True,True,True,False,True,False,5,1
M0117,T0652,True,True,True,False,True,True,4,1
M0439,T0489,True,True,True,False,True,False,5,1
M0058,T0143,True,True,True,False,False,True,5,1
M0998,T0487,True,True,True,False,True,False,4,1
M0945,T0594,True,True,True,False,False,True,5,1
M0534,T0533,True,True,True,False,True,False,5,1
M0854,T0435,True,True,True,False,False,True,5,1
M0431,T0909,True,True,True,False,False,True,4,1
M0048,T0721,True,True,True,False,False,True,5,1
M0991,T0638,True,True,True,False,True,False,5,1
M0195,T0144,True,True,True,False,True,False,4,1
M0322,T0006,True,True,True,False,True,True,5,1
M0647,T0492,True,True,True,False,False,True,5,1
M0241,T0369,True,True,True,False,False,True,4,1
M0732,T0066,True,True,True,False,False,True,5,1
M0016,T0022,True,True,True,False,False,True,5,1
M0348,T0725,True,True,True,False,False,True,5,1
M0706,T0842,True,True,True,False,True,False,5,1
M0623,T0875,True,True,True,False,False,True,5,1
M0210,T0433,True,True,True,False,False,True,5,1
M0489,T0047,True,True,True,False,False,True,4,1
M0181,T0388,True,True,True,False,True,True,4,1
M0937,T0801,True,True,True,False,True,False,5,1
M0627,T0666,True,True,True,False,True,False,5,1
M0122,T0724,True,True,True,False,False,True,5,1
M0031,T0038,True,True,True,False,False,True,5,1
M0559,T0572,True,True,True,False,False,True,5,1
M0410,T0740,True,True,True,False,True,True,4,1
M0372,T0088,True,True,True,False,False,True,5,1
M0063,T0372,True,True,True,False,False,True,4,1
M0098,T0482,True,True,True,False,False,True,5,1
M0081,T0282,True,True,True,False,False,True,5,1
M0641,T0336,True,True,True,False,True,False,5,1
M0254,T0623,True,True,True,False,False,True,4,1
M0390,T0655,True,True,True,False,False,True,5,1
M0263,T0330,True,True,True,False,True,True,5,1
M0731,T0051,True,True,True,False,True,False,5,1
M0005,T0849,True,True,True,False,True,False,5,1
M0203,T0119,True,True,True,False,False,True,4,1
M0066,T0788,True,True,True,False,True,False,5,1
M0560,T0299,True,True,True,False,True,False,4,1
M0178,T0816,True,True,True,False,True,False,5,1
M0432,T0832,True,True,True,False,False,True,5,1
M0058,T0974,True,True,True,False,False,True,4,1
M0646,T0708,True,True,True,False,True,True,5,1
M0924,T0580,True,True,True,False,False,True,4,1
M0420,T0183,True,True,True,False,False,True,4,1
M0032,T0343,True,True,True,False,True,True,5,1
M0512,T0764,True,True,True,False,True,True,4,1
M0666,T0645,True,True,True,False,True,True,5,1
M0512,T0764,True,True,True,False,True,True,5,1
M0421,T0672,True,True,True,False,True,True,4,1
M0918,T0516,True,True,True,False,False,True,5,1
M0931,T0496,True,True,True,False,False,True,5,1
M0919,T0949,True,True,True,False,False,True,5,1
M0628,T0823,True,True,True,False,False,True,4,1
M0994,T0304,True,True,True,False,False,True,5,1
M0803,T0913,True,True,True,False,False,True,4,1
M0130,T0866,True,True,True,False,True,True,5,1
M0894,T0617,True,True,True,False,False,True,5,1
M0426,T0776,True,True,True,False,True,False,5,1
M0024,T0890,True,True,True,False,True,True,5,1
M0654,T0600,True,True,True,False,False,True,5,1
M0394,T0577,True,True,True,False,False,True,4,1
M0646,T0822,True,True,True,False,True,False,4,1
M0675,T0097,True,True,True,False,True,True,5,1
M0148,T0692,True,True,True,False,True,False,5,1
M0858,T0235,True,True,True,False,True,True,5,1
M0130,T0564,True,True,True,False,True,False,5,1
M0306,T0343,True,True,True,False,False,True,5,1
M0314,T0935,True,True,True,False,True,True,5,1
M0383,T0437,True,True,True,False,False,True,4,1
M0679,T0351,True,True,True,False,False,True,5,1
M0634,T0633,True,True,True,False,True,True,5,1
M0812,T0181,True,True,True,False,True,False,5,1
M0618,T0795,True,True,True,False,True,False,5,1
M0819,T0459,True,True,True,False,True,False,4,1
M0704,T0507,True,True,True,False,True,False,5,1
M0441,T0371,True,True,True,False,False,True,4,1
M0371,T0497,True,True,True,False,True,False,5,1
M0378,T0821,True,True,True,False,True,False,4,1
M0847,T0883,True,True,True,False,False,True,5,1
M0562,T0386,True,True,True,False,False,True,5,1
M0866,T0571,True,True,True,False,True,False,4,1
M0937,T0019,True,True,True,False,True,True,5,1
M0728,T0778,True,True,True,False,False,True,4,1
M0721,T0413,True,True,True,False,True,True,4,1
M0977,T0684,True,True,True,False,True,False,4,1
M0121,T0896,True,True,True,False,False,True,5,1
M0136,T0978,True,True,True,False,True,False,5,1
M0675,T0459,True,True,True,False,True,False,5,1
M0744,T0543,True,True,True,False,True,True,4,1
M0478,T0344,True,True,True,False,True,True,4,1
M0435,T0194,True,True,True,False,True,False,5,1
M0510,T0792,True,True,True,False,True,False,5,1
M0254,T0945,True,True,True,False,False,True,5,1
M0473,T0570,True,True,True,False,True,True,5,1
M0544,T0346,True,True,True,False,False,True,4,1
M0668,T0543,True,True,True,False,False,True,4,1
M0645,T0097,True,True,True,False,False,True,4,1
M0785,T0751,True,True,True,False,False,True,5,1
M0509,T0962,True,True,True,False,True,True,5,1
M0020,T0819,True,True,True,False,True,True,4,1
M0454,T0059,True,True,True,False,False,True,5,1
M0427,T0386,True,True,True,False,False,True,5,1
M0301,T0059,True,True,True,False,False,True,5,1
M0595,T0042,True,True,True,False,False,True,4,1
M0011,T0022,True,True,True,False,True,True,4,1
M0824,T0522,True,True,True,False,True,False,5,1
M0299,T0434,True,True,True,False,True,True,4,1
M0892,T0973,True,True,True,False,True,True,5,1
M0482,T0011,True,True,True,False,False,True,4,1
M0363,T0972,True,True,True,False,False,True,5,1
M0185,T0495,True,True,True,False,True,False,4,1
M0057,T0686,True,True,True,False,True,False,5,1
M0442,T0872,True,True,True,False,True,False,4,1
M0528,T0322,True,True,True,False,True,True,5,1
M0762,T0677,True,True,True,False,True,False,5,1
M0537,T0600,True,True,True,False,False,True,5,1
M0494,T0530,True,True,True,False,True,False,4,1
M0136,T0157,True,True,True,False,True,False,5,1
M0761,T0546,True,True,True,False,False,True,5,1
M0330,T0011,True,True,True,False,True,True,5,1
M0996,T0309,True,True,True,False,False,True,5,1
M0527,T0695,True,True,True,False,False,True,5,1
M0633,T0581,True,True,True,False,True,True,5,1
M0794,T0183,True,True,True,False,False,True,4,1
M0878,T0800,True,True,True,False,True,True,4,1
M0362,T0293,True,True,True,False,True,True,4,1
M0050,T0990,True,True,True,False,True,False,5,1
M0437,T0198,True,True,True,False,True,True,4,1
M0032,T0389,True,True,True,False,True,True,4,1
M0425,T0955,True,True,True,False,False,True,5,1
M0318,T0795,True,True,True,False,True,False,4,1
M0848,T0889,True,True,True,False,False,True,5,1
M0161,T0767,True,True,True,False,True,True,5,1
M0687,T0004,True,True,True,False,False,True,4,1
M0570,T0751,True,True,True,False,False,True,5,1
M0800,T0166,True,True,True,False,False,True,5,1
M0109,T0909,True,True,True,False,True,True,5,1
M0319,T0947,True,True,True,False,False,True,4,1
M0130,T0619,True,True,True,False,True,False,5,1
M0600,T0222,True,True,True,False,False,True,5,1
M0185,T0890,True,True,True,False,True,True,4,1
M0763,T0334,True,True,True,False,True,True,4,1
M0173,T0135,True,True,True,False,True,False,5,1
M0991,T0927,True,True,True,False,True,False,4,1
M0837,T0851,True,True,True,False,True,True,5,1
M0125,T0164,True,True,True,False,True,True,5,1
M0737,T0325,True,True,True,False,False,True,5,1
M0589,T0542,True,True,True,False,True,False,5,1
M0315,T0359,True,True,True,False,True,True,4,1
M0178,T0479,True,True,True,False,True,True,4,1
M0225,T0949,True,True,True,False,False,True,5,1
M0400,T0526,True,True,True,False,True,False,4,1
M0297,T0183,True,True,True,False,False,True,4,1
M0506,T0226,True,True,True,False,True,True,5,1
M0082,T0233,True,True,True,False,True,False,5,1
M0210,T0450,True,True,True,False,False,True,5,1
M0715,T0616,True,True,True,False,False,True,4,1
M0834,T0189,True,True,True,False,True,False,5,1
M0075,T0477,True,True,True,False,True,True,5,1
M0793,T0743,True,True,True,False,True,False,5,1
M0770,T0076,True,True,True,False,True,False,5,1
M0045,T0055,True,True,True,False,False,True,4,1
M0855,T0066,True,True,True,False,False,True,4,1
M0885,T0864,True,True,True,False,False,True,5,1
M0837,T0443,True,True,True,False,True,True,5,1
M0519,T0694,True,True,True,False,False,True,4,1
M0110,T0578,True,True,True,False,False,True,4,1
M0439,T0183,True,True,True,False,True,True,5,1
M0558,T0846,True,True,True,False,True,False,4,1
M0879,T0649,True,True,True,False,True,False,5,1
M0542,T0885,True,True,True,False,True,False,5,1
M0159,T0004,True,True,True,False,True,True,4,1
M0316,T0546,True,True,True,False,False,True,5,1
M0857,T0245,True,True,True,False,False,True,4,1
M0808,T0406,True,True,True,False,True,False,5,1
M0189,T0863,True,True,True,False,True,False,4,1
M0117,T0379,True,True,True,False,True,False,5,1
M0660,T0258,True,True,True,False,True,False,5,1
M0905,T0141,True,True,True,False,False,True,5,1
M0517,T0963,True,True,True,False,False,True,4,1
M0623,T0941,True,True,True,False,False,True,5,1
M0466,T0486,True,True,True,False,True,False,5,1
M0062,T0070,True,True,True,False,False,True,5,1
M0239,T0773,True,True,True,False,False,True,4,1
M0637,T0940,True,True,True,False,False,True,4,1
M0759,T0309,True,True,True,False,True,True,5,1
M0988,T0364,True,True,True,False,False,True,4,1
M0988,T0087,True,True,True,False,False,True,5,1
M0708,T0919,True,True,True,False,False,True,5,1
M0029,T0714,True,True,True,False,True,False,5,1
M0058,T0390,True,True,True,False,False,True,4,1
M0240,T0260,True,True,True,False,True,False,5,1
M0067,T0501,True,True,True,False,False,True,5,1
M0321,T0450,True,True,True,False,False,True,5,1
M0242,T0128,True,True,True,False,True,False,5,1
M0005,T1000,True,True,True,False,True,False,4,1
M0109,T0583,True,True,True,False,True,False,4,1
M0531,T0422,True,True,True,False,True,False,4,1
M0005,T0764,True,True,True,False,True,True,4,1
M0447,T0325,True,True,True,False,False,True,4,1
M0200,T0616,True,True,True,False,False,True,4,1
M0310,T0332,True,True,True,False,False,True,5,1
M0730,T0277,True,True,True,False,False,True,5,1
M0143,T0053,True,True,True,False,True,False,5,1
M0684,T0505,True,True,True,False,True,False,4,1
M0877,T0345,True,True,True,False,True,False,4,1
M0401,T0527,True,True,True,False,False,True,5,1
M0333,T0928,True,True,True,False,False,True,4,1
M0239,T0543,True,True,True,False,False,True,4,1
M0009,T0220,True,True,True,False,False,True,5,1
M0809,T0293,True,True,True,False,False,True,5,1
M0979,T0144,True,True,True,False,True,False,4,1
M0902,T0328,True,True,True,False,True,False,5,1
M0308,T0928,True,True,True,False,True,True,5,1
M0690,T0693,True,True,True,False,True,True,5,1
M0434,T0308,True,True,True,False,True,False,4,1
M0672,T0112,True,True,True,False,False,True,4,1
M0609,T0594,True,True,True,False,True,True,5,1
M0915,T0613,True,True,True,False,True,False,5,1
M0014,T0642,True,True,True,False,True,False,5,1
M0915,T0549,True,True,True,False,True,False,5,1
M0988,T0914,True,True,True,False,False,True,5,1
M0036,T0786,True,True,True,False,False,True,5,1
M0242,T0184,True,True,True,False,True,True,5,1
M0438,T0070,True,True,True,False,False,True,5,1
M0929,T0222,True,True,True,False,False,True,5,1
M0154,T0005,True,True,True,False,True,False,5,1
M0154,T0195,True,True,True,False,True,False,4,1
M0738,T0461,True,True,True,False,True,False,5,1
M0071,T0682,True,True,True,False,True,True,4,1
M0176,T0680,True,True,True,False,False,True,5,1
M0956,T0112,True,True,True,False,True,True,4,1
M0858,T0101,True,True,True,False,True,False,4,1
M0901,T0073,True,True,True,False,True,False,4,1
M0240,T0260,True,True,True,False,True,False,4,1
M0218,T0543,True,True,True,False,True,True,5,1
M0498,T0281,True,True,True,False,True,False,5,1
M0704,T0176,True,True,True,False,True,False,5,1
M0760,T0982,True,True,True,False,True,False,4,1
M0780,T0744,True,True,True,False,True,False,5,1
M0462,T0713,True,True,True,False,False,True,5,1
M0998,T0141,True,True,True,False,True,True,4,1
M0748,T0561,True,True,True,False,True,False,5,1
M0518,T0258,True,True,True,False,True,False,4,1
M0867,T0626,True,True,True,False,True,False,5,1
M0506,T0276,True,True,True,False,True,False,5,1
M0080,T0758,True,True,True,False,True,False,5,1
M0925,T0824,True,True,True,False,False,True,4,1
M0942,T0836,True,True,True,False,True,False,5,1
M0065,T0713,True,True,True,False,False,True,5,1
M0787,T0769,True,True,True,False,False,True,4,1
M0010,T0124,True,True,True,False,True,False,5,1
M0738,T0302,True,True,True,False,True,True,4,1
M0412,T0995,True,True,True,False,True,False,5,1
M0375,T0871,True,True,True,False,True,False,5,1
M0980,T0111,True,True,True,False,False,True,5,1
M0989,T0878,True,True,True,False,True,True,5,1
M0383,T0066,True,True,True,False,False,True,5,1
M0676,T0220,True,True,True,False,True,True,5,1
M0325,T0462,True,True,True,False,True,False,4,1
M0192,T0362,True,True,True,False,True,False,4,1
M0217,T0545,True,True,True,False,False,True,4,1
M0555,T0310,True,True,True,False,True,False,4,1
M0097,T0485,True,True,True,False,False,True,4,1
M0353,T0724,True,True,True,False,True,True,5,1
M0724,T0929,True,True,True,False,True,False,4,1
M0777,T0680,True,True,True,False,False,True,5,1
M0143,T0175,True,True,True,False,True,False,4,1
M0932,T0323,True,True,True,False,True,False,5,1
M0181,T0113,True,True,True,False,True,False,4,1
M0342,T0494,True,True,True,False,True,False,5,1
M0400,T0044,True,True,True,False,True,False,5,1
M0466,T0633,True,True,True,False,True,True,4,1
M0220,T0875,True,True,True,False,False,True,4,1
M0493,T0346,True,True,True,False,False,True,5,1
M0397,T0857,True,True,True,False,True,False,4,1
M0402,T0545,True,True,True,False,False,True,4,1
M0747,T0947,True,True,True,False,False,True,4,1
M0522,T0388,True,True,True,False,False,True,5,1
M0087,T0434,True,True,True,False,False,True,5,1
M0528,T0227,True,True,True,False,True,False,4,1
M0190,T0725,True,True,True,False,False,True,5,1
M0736,T0296,True,True,True,False,False,True,4,1
M0730,T0928,True,True,True,False,False,True,5,1
M0028,T0141,True,True,True,False,False,True,4,1
M0108,T0951,True,True,True,False,False,True,4,1
M0834,T0189,True,True,True,False,True,False,5,1
M0425,T0389,True,True,True,False,False,True,5,1
M0163,T0198,True,True,True,False,False,True,5,1
M0733,T0546,True,True,True,False,False,True,4,1
M0147,T0811,True,True,True,False,True,False,5,1
M0087,T0098,True,True,True,False,False,True,4,1
M0793,T0546,True,True,True,False,True,True,5,1
M0394,T0577,True,True,True,False,False,True,4,1
M0756,T0051,True,True,True,False,True,False,5,1
M0303,T0769,True,True,True,False,False,True,4,1
M0755,T0891,True,True,True,False,True,False,5,1
M0767,T0777,True,True,True,False,False,True,4,1
M0075,T0769,True,True,True,False,True,True,5,1
M0021,T0916,True,True,True,False,True,False,5,1
M0686,T0890,True,True,True,False,False,True,5,1
M0866,T0571,True,True,True,False,True,False,5,1
M0338,T0403,True,True,True,False,False,True,5,1
M0720,T0027,True,True,True,False,True,True,4,1
M0087,T0326,True,True,True,False,False,True,5,1
M0443,T0844,True,True,True,False,False,True,4,1
M0329,T0958,False,False,False,False,True,False,0,0
M0210,T0641,False,False,False,False,False,False,0,0
M0643,T0663,False,False,False,False,False,False,0,0
M0216,T0753,False,False,False,False,False,True,0,0
M0215,T0861,False,False,False,False,False,False,0,0
M0535,T0880,False,False,False,False,False,False,0,0
M0082,T0822,False,False,False,False,True,False,0,0
M0331,T0423,False,False,False,False,False,False,0,0
M0733,T0681,False,False,False,False,False,False,0,0
M0104,T0465,False,False,False,False,False,False,0,0
M0433,T0771,False,False,False,False,True,True,0,0
M0704,T0762,False,False,False,False,True,True,0,0
M0264,T0755,False,False,False,False,False,False,0,0
M0484,T0252,False,False,False,False,True,False,0,0
M0778,T0886,False,False,False,False,False,False,0,0
M0294,T0836,False,False,False,False,False,False,0,0
M0716,T0895,False,False,False,False,True,True,0,0
M0785,T0552,False,False,False,False,False,False,0,0
M0664,T0085,False,False,False,False,False,True,0,0
M0011,T0772,False,False,False,False,True,False,0,0
M0513,T0163,False,False,False,False,False,False,0,0
M0385,T0278,False,False,False,False,True,False,0,0
M0827,T0990,False,False,False,False,False,False,0,0
M0162,T0327,False,False,False,False,False,False,0,0
M0765,T0710,False,False,False,False,True,False,0,0
M0007,T0041,False,False,False,False,False,False,0,0
M0392,T0176,False,False,False,False,False,False,0,0
M0658,T0056,False,False,False,False,False,False,0,0
M0393,T0592,False,False,False,False,False,False,0,0
M0803,T0609,False,False,False,False,False,False,0,0
M0685,T0088,False,False,False,False,False,True,0,0
M0679,T0366,False,False,False,False,False,True,0,0
M0381,T0931,False,False,False,False,False,False,0,0
M0140,T0298,False,False,False,False,False,False,0,0
M0026,T0037,False,False,False,False,False,False,0,0
M0376,T0861,False,False,False,False,False,False,0,0
M0624,T0610,False,False,False,False,False,True,0,0
M0799,T0987,False,False,False,False,False,True,0,0
M0055,T0974,False,False,False,False,False,True,0,0
M0571,T0948,False,False,False,False,True,True,0,0
M0522,T0897,False,False,False,False,False,False,0,0
M0626,T0935,False,False,False,False,False,True,0,0
M0104,T0045,False,False,False,False,False,False,0,0
M0523,T0262,False,False,False,False,False,False,0,0
M0117,T0575,False,False,False,False,True,True,0,0
M0057,T0049,False,False,False,False,True,True,0,0
M0423,T0866,False,False,False,False,False,True,0,0
M0392,T0146,False,False,False,False,False,False,0,0
M0475,T0435,False,False,False,False,True,True,0,0
M0996,T0790,False,False,False,False,False,True,0,0
M0354,T0704,False,False,False,False,False,False,0,0
M0965,T0847,False,False,False,False,False,False,0,0
M0963,T0089,False,False,False,False,False,False,0,0
M0120,T0042,False,False,False,False,True,True,0,0
M0673,T0914,False,False,False,False,False,True,0,0
M0976,T0465,False,False,False,False,False,False,0,0
M0598,T0121,False,False,False,False,False,True,0,0
M0665,T0990,False,False,False,False,False,False,0,0
M0195,T0932,False,False,False,False,True,False,0,0
M0677,T0086,False,False,False,False,False,False,0,0
M0625,T0022,False,False,False,False,False,True,0,0
M0595,T0334,False,False,False,False,False,True,0,0
M0101,T0524,False,False,False,False,False,False,0,0
M0133,T0998,False,False,False,False,False,True,0,0
M0824,T0430,False,False,False,False,True,False,0,0
M0890,T0391,False,False,False,False,False,True,0,0
M0307,T0962,False,False,False,False,True,True,0,0
M0277,T0619,False,False,False,False,True,False,0,0
M0553,T0903,False,False,False,False,False,True,0,0
M0947,T0745,False,False,False,False,True,False,0,0
M0681,T0522,False,False,False,False,False,False,0,0
M0683,T0808,False,False,False,False,False,False,0,0
M0838,T0773,False,False,False,False,False,True,0,0
M0454,T0219,False,False,False,False,False,False,0,0
M0865,T0881,False,False,False,False,False,False,0,0
M0851,T0761,False,False,False,False,False,True,0,0
M0172,T0081,False,False,False,False,False,True,0,0
M0687,T0516,False,False,False,False,False,True,0,0
M0423,T0303,False,False,False,False,False,False,0,0
M0078,T0328,False,False,False,False,False,False,0,0
M0439,T0938,False,False,False,False,True,False,0,0
M0261,T0206,False,False,False,False,False,False,0,0
M0634,T0028,False,False,False,False,True,False,0,0
M0697,T0221,False,False,False,False,False,True,0,0
M0341,T0940,False,False,False,False,False,True,0,0
M0715,T0581,False,False,False,False,False,True,0,0
M0509,T0900,False,False,False,False,True,True,0,0
M0509,T0367,False,False,False,False,True,False,0,0
M0544,T0486,False,False,False,False,False,False,0,0
M0916,T0337,False,False,False,False,False,False,0,0
M0916,T0881,False,False,False,False,False,False,0,0
M0613,T0294,False,False,False,False,False,True,0,0
M0244,T0658,False,False,False,False,False,True,0,0
M0896,T0622,False,False,False,False,False,False,0,0
M0445,T0152,False,False,False,False,False,False,0,0
M0276,T0539,False,False,False,False,False,True,0,0
M0294,T0145,False,False,False,False,False,True,0,0
M0345,T0623,False,False,False,False,False,True,0,0
M0070,T0139,False,False,False,False,False,False,0,0
M0975,T0222,False,False,False,False,False,True,0,0
M0949,T0962,False,False,False,False,False,True,0,0
M0230,T0846,False,False,False,False,False,False,0,0
M0496,T0505,False,False,False,False,False,False,0,0
M0416,T0041,False,False,False,False,False,False,0,0
M0191,T0231,False,False,False,False,True,True,0,0
M0982,T0601,False,False,False,False,True,False,0,0
M0843,T0540,False,False,False,False,True,True,0,0
M0150,T0755,False,False,False,False,False,False,0,0
M0588,T0318,False,False,False,False,False,True,0,0
M0754,T0886,False,False,False,False,False,False,0,0
M0678,T0146,False,False,False,False,True,False,0,0
M0545,T0517,False,False,False,False,False,False,0,0
M0028,T0510,False,False,False,False,False,False,0,0
M0063,T0944,False,False,False,False,False,False,0,0
M0024,T0217,False,False,False,False,True,False,0,0
M0364,T0681,False,False,False,False,False,False,0,0
M0315,T0730,False,False,False,False,True,False,0,0
M0963,T0201,False,False,False,False,False,False,0,0
M0248,T0519,False,False,False,False,False,False,0,0
M0761,T0259,False,False,False,False,False,False,0,0
M0239,T0131,False,False,False,False,False,False,0,0
M0006,T0550,False,False,False,False,False,False,0,0
M0087,T0529,False,False,False,False,False,False,0,0
M0857,T0221,False,False,False,False,False,True,0,0
M0335,T0812,False,False,False,False,False,False,0,0
M0426,T0231,False,False,False,False,True,True,0,0
M0732,T0922,False,False,False,False,False,False,0,0
M0450,T0176,False,False,False,False,False,False,0,0
M0992,T0661,False,False,False,False,False,False,0,0
M1000,T0463,False,False,False,False,False,False,0,0
M0305,T0395,False,False,False,False,False,False,0,0
M0214,T0613,False,False,False,False,False,False,0,0
M0520,T0921,False,False,False,False,False,True,0,0
M0632,T0439,False,False,False,False,False,False,0,0
M0149,T0517,False,False,False,False,False,False,0,0
M0513,T0552,False,False,False,False,False,False,0,0
M0883,T0665,False,False,False,False,False,False,0,0
M0338,T0319,False,False,False,False,False,False,0,0
M0931,T0461,False,False,False,False,False,False,0,0
M0803,T0967,False,False,False,False,False,True,0,0
M0561,T0354,False,False,False,False,True,False,0,0
M0888,T0831,False,False,False,False,False,False,0,0
M0611,T0205,False,False,False,False,False,True,0,0
M0788,T0965,False,False,False,False,False,False,0,0
M0613,T0775,False,False,False,False,False,False,0,0
M0160,T0803,False,False,False,False,False,True,0,0
M0615,T0210,False,False,False,False,False,False,0,0
M0148,T0554,False,False,False,False,True,False,0,0
M0433,T0750,False,False,False,False,True,False,0,0
M0110,T0159,False,False,False,False,False,False,0,0
M0327,T0385,False,False,False,False,False,False,0,0
M0140,T0422,False,False,False,False,False,False,0,0
M0633,T0166,False,False,False,False,True,True,0,0
M0986,T0535,False,False,False,False,False,False,0,0
M0147,T0983,False,False,False,False,True,False,0,0
M0273,T0795,False,False,False,False,False,False,0,0
M0771,T0047,False,False,False,False,True,True,0,0
M0690,T0826,False,False,False,False,True,False,0,0
M0470,T0490,False,False,False,False,True,False,0,0
M0912,T0290,False,False,False,False,False,False,0,0
M0059,T0797,False,False,False,False,False,False,0,0
M0625,T0502,False,False,False,False,False,False,0,0
M0854,T0143,False,False,False,False,False,True,0,0
M0971,T0297,False,False,False,False,False,False,0,0
M0945,T0148,False,False,False,False,False,True,0,0
M0422,T0289,False,False,False,False,False,False,0,0
M0026,T0416,False,False,False,False,False,False,0,0
M0935,T0280,False,False,False,False,False,False,0,0
M0635,T0919,False,False,False,False,False,True,0,0
M0564,T0122,False,False,False,False,False,False,0,0
M0555,T0157,False,False,False,False,True,False,0,0
M0861,T0916,False,False,False,False,True,False,0,0
M0864,T0500,False,False,False,False,True,False,0,0
M0835,T0447,False,False,False,False,False,True,0,0
M0100,T0509,False,False,False,False,False,False,0,0
M0785,T0743,False,False,False,False,False,False,0,0
M0507,T0758,False,False,False,False,False,False,0,0
M0254,T0052,False,False,False,False,False,False,0,0
M0655,T0272,False,False,False,False,False,True,0,0
M0412,T0392,False,False,False,False,True,False,0,0
M0062,T0177,False,False,False,False,False,True,0,0
M0757,T0324,False,False,False,False,False,False,0,0
M0932,T0410,False,False,False,False,True,True,0,0
M0356,T0449,False,False,False,False,False,False,0,0
M0978,T0716,False,False,False,False,False,False,0,0
M0281,T0076,False,False,False,False,False,False,0,0
M0177,T0634,False,False,False,False,False,False,0,0
M0864,T0112,False,False,False,False,True,True,0,0
M0390,T0605,False,False,False,False,False,False,0,0
M0891,T0394,False,False,False,False,False,False,0,0
M0011,T0870,False,False,False,False,True,True,0,0
M0789,T0813,False,False,False,False,False,True,0,0
M0039,T0984,False,False,False,False,False,False,0,0
M0662,T0392,False,False,False,False,False,False,0,0
M0534,T0549,False,False,False,False,True,False,0,0
M0869,T0244,False,False,False,False,False,False,0,0
M0672,T0484,False,False,False,False,False,False,0,0
M0952,T0792,False,False,False,False,True,False,0,0
M0055,T0769,False,False,False,False,False,True,0,0
M0561,T0131,False,False,False,False,True,False,0,0
M0149,T0714,True,True,True,False,False,False,0,0
M0788,T0514,True,True,True,False,False,False,0,0
M0349,T0544,True,True,True,False,False,False,0,0
M0615,T0583,True,True,True,False,False,False,0,0
M0015,T0021,True,True,True,False,False,False,0,0
M0723,T0242,True,True,True,False,False,False,0,0
M0714,T0619,True,True,True,False,False,False,0,0
M0693,T0960,True,True,True,False,False,False,0,0
M0349,T0514,True,True,True,False,False,False,0,0
M0490,T0266,True,True,True,False,False,False,0,0
M0635,T0627,True,True,True,False,False,False,0,0
M0328,T0859,True,True,True,False,False,False,0,0
M0581,T0176,True,True,True,False,False,False,0,0
M0619,T0314,True,True,True,False,False,False,0,0
M0361,T0265,True,True,True,False,False,False,0,0
M0272,T0643,True,True,True,False,False,False,0,0
M0524,T0455,True,True,True,False,False,False,0,0
M0091,T0337,True,True,True,False,False,False,0,0
M0209,T0881,True,True,True,False,False,False,0,0
M0621,T0353,True,True,True,False,False,False,0,0
M0163,T0548,True,True,True,False,False,False,0,0
M0309,T0985,True,True,True,False,False,False,0,0
M0661,T0599,True,True,True,False,False,False,0,0
M0332,T0522,True,True,True,False,False,False,0,0
M0379,T0013,True,True,True,False,False,False,0,0
M0702,T0406,True,True,True,False,False,False,0,0
M0539,T0463,True,True,True,False,False,False,0,0
M0924,T0583,True,True,True,False,False,False,0,0
M0773,T0394,True,True,True,False,False,False,0,0
M0481,T0646,True,True,True,False,False,False,0,0
M0465,T0990,True,True,True,False,False,False,0,0
M0447,T0073,True,True,True,False,False,False,0,0
M0570,T0048,True,True,True,False,False,False,0,0
M0394,T0611,True,True,True,False,False,False,0,0
M0155,T0329,True,True,True,False,False,False,0,0
M0562,T0621,True,True,True,False,False,False,0,0
M0899,T0811,True,True,True,False,False,False,0,0
M0885,T0614,True,True,True,False,False,False,0,0
M0079,T0291,True,True,True,False,False,False,0,0
M0553,T0203,True,True,True,False,False,False,0,0
M0566,T0008,True,True,True,False,False,False,0,0
M0993,T0979,True,True,True,False,False,False,0,0
M0617,T0275,True,True,True,False,False,False,0,0
M0702,T0028,True,True,True,False,False,False,0,0
M0403,T0665,True,True,True,False,False,False,0,0
M0152,T0480,True,True,True,False,False,False,0,0
M0736,T0806,True,True,True,False,False,False,0,0
M0905,T0115,True,True,True,False,False,False,0,0
M0170,T0678,True,True,True,False,False,False,0,0
M0345,T0190,True,True,True,False,False,False,0,0
M0296,T0726,True,True,True,False,False,False,0,0
M0504,T0314,True,True,True,False,False,False,0,0
M0607,T0758,True,True,True,False,False,False,0,0
M0736,T0634,True,True,True,False,False,False,0,0
M0267,T0639,True,True,True,False,False,False,0,0
M0504,T0473,True,True,True,False,False,False,0,0
M0948,T0171,True,True,True,False,False,False,0,0
M0655,T0522,True,True,True,False,False,False,0,0
M0432,T0495,True,True,True,False,False,False,0,0
M0131,T0320,True,True,True,False,False,False,0,0
M0271,T0588,True,True,True,False,False,False,0,0
M0317,T0348,True,True,True,False,False,False,0,0
M0582,T0738,True,True,True,False,False,False,0,0
M0511,T0421,True,True,True,False,False,False,0,0
M0309,T0342,True,True,True,False,False,False,0,0
M0140,T0046,True,True,True,False,False,False,0,0
M0463,T0802,True,True,True,False,False,False,0,0
M0688,T0252,True,True,True,False,False,False,0,0
M0602,T0746,True,True,True,False,False,False,0,0
M0886,T0984,True,True,True,False,False,False,0,0
M0196,T0697,True,True,True,False,False,False,0,0
M0950,T0840,True,True,True,False,False,False,0,0
M0557,T0409,True,True,True,False,False,False,0,0
M0376,T0523,True,True,True,False,False,False,0,0
M0455,T0287,True,True,True,False,False,False,0,0
M0151,T0833,True,True,True,False,False,False,0,0
M0381,T0845,True,True,True,False,False,False,0,0
M0222,T0784,True,True,True,False,False,False,0,0
M0978,T0219,True,True,True,False,False,False,0,0
M0608,T0407,True,True,True,False,False,False,0,0
M0188,T0574,True,True,True,False,False,False,0,0
M0100,T0017,True,True,True,False,False,False,0,0
M0270,T0615,True,True,True,False,False,False,0,0
M0142,T0685,True,True,True,False,False,False,0,0
M0611,T0396,True,True,True,False,False,False,0,0
M0669,T0656,True,True,True,False,False,False,0,0
M0753,T0139,True,True,True,False,False,False,0,0
M0405,T0427,True,True,True,False,False,False,0,0
M0657,T0712,True,True,True,False,False,False,0,0
M0454,T0663,True,True,True,False,False,False,0,0
M0297,T0899,True,True,True,False,False,False,0,0
M0597,T0845,True,True,True,False,False,False,0,0
M0640,T0508,True,True,True,False,False,False,0,0
M0224,T0541,True,True,True,False,False,False,0,0
M0586,T0709,True,True,True,False,False,False,0,0
M0986,T0720,True,True,True,False,False,False,0,0
M0213,T0199,True,True,True,False,False,False,0,0
M0766,T0462,True,True,True,False,False,False,0,0
M0347,T0448,True,True,True,False,False,False,0,0
M0978,T0253,True,True,True,False,False,False,0,0
M0220,T0782,True,True,True,False,False,False,0,0
M0745,T0863,True,True,True,False,False,False,0,0
M0929,T0463,True,True,True,False,False,False,0,0
M0365,T0544,True,True,True,False,False,False,0,0
M0190,T0481,True,True,True,False,False,False,0,0
M0875,T0068,True,True,True,False,False,False,0,0
M0064,T0956,True,True,True,False,False,False,0,0
M0918,T0799,True,True,True,False,False,False,0,0
M0996,T0775,True,True,True,False,False,False,0,0
M0590,T0801,True,True,True,False,False,False,0,0
M0960,T0261,True,True,True,False,False,False,0,0
M0757,T0020,True,True,True,False,False,False,0,0
M0288,T0336,True,True,True,False,False,False,0,0
M0063,T0624,True,True,True,False,False,False,0,0
M0551,T0284,True,True,True,False,False,False,0,0
M0665,T0064,True,True,True,False,False,False,0,0
M0890,T0583,True,True,True,False,False,False,0,0
M0023,T0171,True,True,True,False,False,False,0,0
M0298,T0383,True,True,True,False,False,False,0,0
M0592,T0571,True,True,True,False,False,False,0,0
M0193,T0421,True,True,True,False,False,False,0,0
M0570,T0692,True,True,True,False,False,False,0,0
M0319,T0204,True,True,True,False,False,False,0,0
M0448,T0985,True,True,True,False,False,False,0,0
M0081,T0614,True,True,True,False,False,False,0,0
M0023,T0360,True,True,True,False,False,False,0,0
M0059,T0858,True,True,True,False,False,False,0,0
M0025,T0599,True,True,True,False,False,False,0,0
M0436,T0820,True,True,True,False,False,False,0,0
M0931,T0670,True,True,True,False,False,False,0,0
M0476,T0064,True,True,True,False,False,False,0,0
M0899,T0050,True,True,True,False,False,False,0,0
M0954,T0812,True,True,True,False,False,False,0,0
M0602,T0746,True,True,True,False,False,False,0,0
M0416,T0091,True,True,True,False,False,False,0,0
M0615,T0583,True,True,True,False,False,False,0,0
M0144,T0899,True,True,True,False,False,False,0,0
M0505,T0468,True,True,True,False,False,False,0,0
M0037,T0510,True,True,True,False,False,False,0,0
M0649,T0207,True,True,True,False,False,False,0,0
M0955,T0847,True,True,True,False,False,False,0,0
M0702,T0628,True,True,True,False,False,False,0,0
M0349,T0312,True,True,True,False,False,False,0,0
M0438,T0986,True,True,True,False,False,False,0,0
M0964,T0013,True,True,True,False,False,False,0,0
M0785,T0032,True,True,True,False,False,False,0,0
M0430,T0266,True,True,True,False,False,False,0,0
M0327,T0185,True,True,True,False,False,False,0,0
M0370,T0178,True,True,True,False,False,False,0,0
M0768,T0723,True,True,True,False,False,False,0,0
M0031,T0276,True,True,True,False,False,False,0,0
M0927,T0240,True,True,True,False,False,False,0,0
M0332,T0060,True,True,True,False,False,False,0,0
M0309,T0720,True,True,True,False,False,False,0,0
M0787,T0605,True,True,True,False,False,False,0,0
M0788,T0514,True,True,True,False,False,False,0,0
M0137,T0062,True,True,True,False,False,False,0,0
M0482,T0154,True,True,True,False,False,False,0,0
M0663,T0960,True,True,True,False,False,False,0,0
M0300,T0217,True,True,True,False,False,False,0,0
M0529,T0663,True,True,True,False,False,False,0,0
M0411,T0627,True,True,True,False,False,False,0,0
M0092,T0134,True,True,True,False,False,False,0,0
M0396,T0760,True,True,True,False,False,False,0,0
M0087,T0723,True,True,True,False,False,False,0,0
M0428,T0440,True,True,True,False,False,False,0,0
M0753,T0445,True,True,True,False,False,False,0,0
M0284,T0799,True,True,True,False,False,False,0,0
M0386,T0715,True,True,True,False,False,False,0,0
M0237,T0387,True,True,True,False,False,False,0,0
M0601,T0204,True,True,True,False,False,False,0,0
M0643,T0263,True,True,True,False,False,False,0,0
M0948,T0360,True,True,True,False,False,False,0,0
M0880,T0604,True,True,True,False,False,False,0,0
M0800,T0063,True,True,True,False,False,False,0,0
M0623,T0289,True,True,True,False,False,False,0,0
M0976,T0319,True,True,True,False,False,False,0,0
M0232,T0861,True,True,True,False,False,False,0,0
M0545,T0488,True,True,True,False,False,False,0,0
M0735,T0523,True,True,True,False,False,False,0,0
M0474,T0258,True,True,True,False,False,False,0,0
M0722,T0298,True,True,True,False,False,False,0,0
M0785,T0134,True,True,True,False,False,False,0,0
M0850,T0337,True,True,True,False,False,False,0,0
M0096,T0644,True,True,True,False,False,False,0,0
M0835,T0341,True,True,True,False,False,False,0,0
M0271,T0703,True,True,True,False,False,False,0,0
M0200,T0075,True,True,True,False,False,False,0,0
M0774,T0139,True,True,True,False,False,False,0,0
M0454,T0799,True,True,True,False,False,False,0,0
M0913,T0685,True,True,True,False,False,False,0,0
M0978,T0253,True,True,True,False,False,False,0,0
M0514,T0675,True,True,True,False,False,False,0,0
M0868,T0541,True,True,True,False,False,False,0,0
M0416,T0018,True,True,True,False,False,False,0,0
M0507,T0684,True,True,True,False,False,False,0,0
M0103,T0139,True,True,True,False,False,False,0,0
M0673,T0846,True,True,True,False,False,False,0,0
M0048,T0665,True,True,True,False,False,False,0,0
M0396,T0295,True,True,True,False,False,False,0,0
M0910,T0431,True,True,True,False,True,False,3,0
M0437,T0206,True,True,True,False,True,False,3,0
M0489,T0047,True,True,True,False,False,True,4,1
M0204,T0285,True,True,True,False,True,True,1,0
M0109,T0370,True,True,True,False,True,False,1,0
M0946,T0243,True,True,True,False,False,True,4,1
M0019,T0041,True,True,True,False,True,False,1,0
M0449,T0901,True,True,True,False,False,True,1,0
M0036,T0269,True,True,True,False,False,True,5,1
M0325,T0058,True,True,True,False,True,False,2,0
M0426,T0452,True,True,True,False,True,False,2,0
M0572,T0935,True,True,True,False,False,True,4,1
M0399,T0403,True,True,True,False,True,True,5,1
M0274,T0456,True,True,True,False,True,False,4,1
M0582,T0022,True,True,True,False,False,True,4,1
M0808,T0302,True,True,True,False,True,True,4,1
M0322,T0006,True,True,True,False,True,True,1,0
M0523,T0584,True,True,True,False,False,True,2,0
M0755,T0982,True,True,True,False,True,False,4,1
M0248,T0940,True,True,True,False,False,True,2,0
M0050,T0931,True,True,True,False,True,False,3,0
M0880,T0137,True,True,True,False,False,True,3,0
M0336,T0194,True,True,True,False,True,False,3,0
M0807,T0528,True,True,True,False,False,True,3,0
M0053,T0898,True,True,True,False,True,False,2,0
M0954,T0443,True,True,True,False,False,True,5,1
M0862,T0080,True,True,True,False,True,False,5,1
M0580,T0472,True,True,True,False,True,False,2,0
M0531,T0772,True,True,True,False,True,False,3,0
M0483,T0762,True,True,True,False,False,True,1,0
M0879,T0117,True,True,True,False,True,True,2,0
M0561,T0581,True,True,True,False,True,True,1,0
M0035,T0343,True,True,True,False,False,True,4,1
M0234,T0077,True,True,True,False,False,True,1,0
M0397,T0781,True,True,True,False,True,False,1,0
M0869,T0433,True,True,True,False,False,True,1,0
M0240,T0277,True,True,True,False,True,True,2,0
M0752,T0231,True,True,True,False,False,True,2,0
M0444,T0334,True,True,True,False,False,True,1,0
M0111,T0653,True,True,True,False,False,True,4,1
M0962,T0147,True,True,True,False,True,False,4,1
M0291,T0721,True,True,True,False,False,True,2,0
M0864,T0839,True,True,True,False,True,False,3,0
M0812,T0186,True,True,True,False,True,False,3,0
M0214,T0476,True,True,True,False,False,True,3,0
M0164,T0661,True,True,True,False,True,False,4,1
M0611,T0460,True,True,True,False,False,True,3,0
M0744,T0961,True,True,True,False,True,False,1,0
M0805,T0330,True,True,True,False,False,True,5,1
M0113,T0462,True,True,True,False,True,False,5,1
M0949,T0870,True,True,True,False,False,True,2,0
M0571,T0540,True,True,True,False,True,True,5,1
M0219,T0790,True,True,True,False,False,True,2,0
M0886,T0928,True,True,True,False,False,True,2,0
M0580,T0860,True,True,True,False,True,False,3,0
M0668,T0177,True,True,True,False,False,True,4,1
M0816,T0776,True,True,True,False,True,False,5,1
M0758,T0293,True,True,True,False,False,True,3,0
M0773,T0633,True,True,True,False,False,True,4,1
M0314,T0777,True,True,True,False,True,True,2,0
M0988,T0914,True,True,True,False,False,True,4,1
M0870,T0905,True,True,True,False,True,True,4,1
M0336,T0268,True,True,True,False,True,True,1,0
M0771,T0277,True,True,True,False,True,True,2,0
M0674,T0519,True,True,True,False,True,False,3,0
M0856,T0011,True,True,True,False,False,True,5,1
M0881,T0926,True,True,True,False,True,True,2,0
M0295,T0389,True,True,True,False,False,True,4,1
M0122,T0572,True,True,True,False,False,True,3,0
M0754,T0906,True,True,True,False,False,True,3,0
M0663,T0318,True,True,True,False,False,True,5,1
M0303,T0072,True,True,True,False,False,True,3,0
M0932,T0581,True,True,True,False,True,True,1,0
M0433,T0349,True,True,True,False,True,True,2,0
M0509,T0641,True,True,True,False,True,False,5,1
M0404,T0972,True,True,True,False,True,True,4,1
M0351,T0382,True,True,True,False,False,True,1,0
M0227,T0012,True,True,True,False,False,True,2,0
M0609,T0399,True,True,True,False,True,False,4,1
M0411,T0388,True,True,True,False,False,True,4,1
M0587,T0137,True,True,True,False,False,True,4,1
M0363,T0947,True,True,True,False,False,True,2,0
M0556,T0652,True,True,True,False,True,True,2,0
M0900,T0575,True,True,True,False,False,True,5,1
M0748,T0275,True,True,True,False,True,False,5,1
M0625,T0359,True,True,True,False,False,True,5,1
M0286,T0585,True,True,True,False,False,True,4,1
M0227,T0012,True,True,True,False,False,True,5,1
M0376,T0400,True,True,True,False,False,True,3,0
M0911,T0923,True,True,True,False,False,True,1,0
M0979,T0144,True,True,True,False,True,False,1,0
M0980,T0111,True,True,True,False,False,True,2,0
M0707,T0934,True,True,True,False,True,False,3,0
M0054,T0470,True,True,True,False,True,True,3,0
M0429,T0580,True,True,True,False,True,True,4,1
M0403,T0198,True,True,True,False,False,True,3,0
M0488,T0750,True,True,True,False,True,False,4,1
M0268,T0864,True,True,True,False,False,True,3,0
M0073,T0096,True,True,True,False,True,True,4,1
M0677,T0971,True,True,True,False,False,True,2,0
M0380,T0366,True,True,True,False,False,True,2,0
M0389,T0124,True,True,True,False,True,False,5,1
M0494,T0530,True,True,True,False,True,False,5,1
M0073,T0123,True,True,True,False,True,False,3,0
M0773,T0633,True,True,True,False,False,True,4,1
M0254,T0623,True,True,True,False,False,True,5,1
M0867,T0397,True,True,True,False,True,True,3,0
M0132,T0332,True,True,True,False,False,True,1,0
M0652,T0156,True,True,True,False,True,True,2,0
M0718,T0124,True,True,True,False,True,False,1,0
M0106,T0748,True,True,True,False,False,True,4,1
M0075,T0072,True,True,True,False,True,True,4,1
M0342,T0303,True,True,True,False,True,False,1,0
M0451,T0121,True,True,True,False,False,True,3,0
M0439,T0227,True,True,True,False,True,False,4,1
M0755,T0982,True,True,True,False,True,False,3,0
M0721,T0128,True,True,True,False,True,False,3,0
M0682,T0294,True,True,True,False,False,True,2,0
M0043,T0946,True,True,True,False,True,False,3,0
M0814,T0768,True,True,True,False,True,False,1,0
M0887,T0313,True,True,True,False,True,False,2,0
M0760,T0891,True,True,True,False,True,False,4,1
M0520,T0268,True,True,True,False,False,True,3,0
M0961,T0838,True,True,True,False,True,True,5,1
M0824,T0403,True,True,True,False,True,True,1,0
M0735,T0205,True,True,True,False,False,True,2,0
M0773,T0306,True,True,True,False,False,True,4,1
M0852,T0557,True,True,True,False,True,False,4,1
M0494,T0953,True,True,True,False,True,False,1,0
M0791,T0225,True,True,True,False,True,True,3,0
M0884,T0575,True,True,True,False,False,True,4,1
M0334,T0226,True,True,True,False,False,True,5,1
M0812,T0347,True,True,True,False,True,True,2,0
M0220,T0920,True,True,True,False,False,True,4,1
M0524,T0148,True,True,True,False,False,True,3,0
M0151,T0301,True,True,True,False,False,True,2,0
M0073,T0027,True,True,True,False,True,True,5,1
M0846,T0426,True,True,True,False,True,True,1,0
M0858,T0918,True,True,True,False,True,True,4,1
M0202,T0501,True,True,True,False,False,True,5,1
M0274,T0986,True,True,True,False,True,False,4,1
M0078,T0412,True,True,True,False,False,True,1,0
M0755,T0291,True,True,True,False,True,False,2,0
M0597,T0222,True,True,True,False,False,True,3,0
M0667,T0358,True,True,True,False,True,False,4,1
M0033,T0051,True,True,True,False,True,False,2,0
M0375,T0215,True,True,True,False,True,False,3,0
M0024,T0545,True,True,True,False,True,True,5,1
M0820,T0693,True,True,True,False,False,True,4,1
M0223,T0650,True,True,True,False,False,True,2,0
M0833,T0682,True,True,True,False,False,True,5,1
M0803,T0528,True,True,True,False,False,True,1,0
M0477,T0955,True,True,True,False,True,True,3,0
M0322,T0679,True,True,True,False,True,True,3,0
M0087,T0098,True,True,True,False,False,True,1,0
M0464,T0912,True,True,True,False,False,True,5,1
M0440,T0434,True,True,True,False,False,True,5,1
M0529,T0180,True,True,True,False,False,True,5,1
M0611,T0460,True,True,True,False,False,True,3,0
M0556,T0117,True,True,True,False,True,True,3,0
M0262,T0474,True,True,True,False,True,False,3,0
M0164,T0202,True,True,True,False,True,False,1,0
M0251,T0411,True,True,True,False,False,True,5,1
M0988,T0914,True,True,True,False,False,True,3,0
M0780,T0451,True,True,True,False,True,True,4,1
M0341,T0832,True,True,True,False,False,True,5,1
M0185,T0832,True,True,True,False,True,True,3,0
M0322,T0963,True,True,True,False,True,True,5,1
M0784,T0866,True,True,True,False,False,True,5,1
M0500,T0249,True,True,True,False,False,True,4,1
M0399,T0948,True,True,True,False,True,True,4,1
M0284,T0059,True,True,True,False,False,True,3,0
M0412,T0304,True,True,True,False,True,True,3,0
M0879,T0687,True,True,True,False,True,True,3,0
M0247,T0137,True,True,True,False,True,True,3,0
M0396,T0226,True,True,True,False,False,True,5,1
M0327,T0717,True,True,True,False,False,True,5,1
M0013,T0584,True,True,True,False,False,True,2,0
M0960,T0330,True,True,True,False,False,True,3,0
M0709,T0290,True,True,True,False,True,False,2,0
M0135,T0397,True,True,True,False,False,True,2,0
M0185,T0086,True,True,True,False,True,False,4,1
M0750,T0254,True,True,True,False,True,False,4,1
M0203,T0078,True,True,True,False,False,True,3,0
M0192,T0785,True,True,True,False,True,True,3,0
M0498,T0751,True,True,True,False,True,True,5,1
M0396,T0038,True,True,True,False,False,True,4,1
M0351,T0351,True,True,True,False,False,True,5,1
M0014,T0857,True,True,True,False,True,False,3,0
M0113,T0478,True,True,True,False,True,False,4,1
M0090,T0654,True,True,True,False,True,False,4,1
M0729,T0085,True,True,True,False,False,True,3,0
M0548,T0943,True,True,True,False,True,False,3,0
M0707,T0180,True,True,True,False,True,True,1,0
M0385,T0054,True,True,True,False,True,False,4,1
M0071,T0031,True,True,True,False,True,False,3,0
M0185,T0832,True,True,True,False,True,True,2,0
M0906,T0714,True,True,True,False,True,False,5,1
M0396,T0617,True,True,True,False,False,True,3,0
M0935,T0231,True,True,True,False,False,True,2,0
